/* Generated by lungo 1.85.147 from Lean 4.34.1 (Bridge IR 3). Do not edit. */
#include "capdagFormal_program.h"

static const uint8_t capdagFormal__type_table[] = {
    0x4c, 0x4e, 0x47, 0x54, 0x02, 0x00, 0x00, 0x00, 0x1a, 0x00, 0x00, 0x00, 0x19, 0x00, 0x00, 0x00,
    0x43, 0x61, 0x70, 0x44, 0x41, 0x47, 0x2e, 0x42, 0x69, 0x66, 0x61, 0x63, 0x69, 0x2e, 0x43, 0x72,
    0x65, 0x64, 0x69, 0x74, 0x2e, 0x47, 0x61, 0x74, 0x65, 0x00, 0x00, 0x00, 0x00, 0x00, 0x07, 0x00,
    0x01, 0x00, 0x00, 0x00, 0x1c, 0x00, 0x00, 0x00, 0x43, 0x61, 0x70, 0x44, 0x41, 0x47, 0x2e, 0x42,
    0x69, 0x66, 0x61, 0x63, 0x69, 0x2e, 0x43, 0x72, 0x65, 0x64, 0x69, 0x74, 0x2e, 0x47, 0x61, 0x74,
    0x65, 0x2e, 0x6d, 0x6b, 0x00, 0x00, 0x00, 0x00, 0x02, 0x00, 0x00, 0x00, 0x00, 0x00, 0x00, 0x00,
    0x00, 0x00, 0x00, 0x00, 0x02, 0x00, 0x00, 0x00, 0x09, 0x00, 0x00, 0x00, 0x61, 0x76, 0x61, 0x69,
    0x6c, 0x61, 0x62, 0x6c, 0x65, 0x00, 0x00, 0x00, 0x00, 0x00, 0x00, 0x06, 0x00, 0x00, 0x00, 0x63,
    0x6c, 0x6f, 0x73, 0x65, 0x64, 0x00, 0x01, 0x00, 0x00, 0x00, 0x14, 0x10, 0x1c, 0x00, 0x00, 0x00,
    0x43, 0x61, 0x70, 0x44, 0x41, 0x47, 0x2e, 0x42, 0x69, 0x66, 0x61, 0x63, 0x69, 0x2e, 0x43, 0x72,
    0x65, 0x64, 0x69, 0x74, 0x2e, 0x41, 0x63, 0x71, 0x75, 0x69, 0x72, 0x65, 0x00, 0x00, 0x00, 0x00,
    0x00, 0x07, 0x00, 0x03, 0x00, 0x00, 0x00, 0x25, 0x00, 0x00, 0x00, 0x43, 0x61, 0x70, 0x44, 0x41,
    0x47, 0x2e, 0x42, 0x69, 0x66, 0x61, 0x63, 0x69, 0x2e, 0x43, 0x72, 0x65, 0x64, 0x69, 0x74, 0x2e,
    0x41, 0x63, 0x71, 0x75, 0x69, 0x72, 0x65, 0x2e, 0x61, 0x63, 0x71, 0x75, 0x69, 0x72, 0x65, 0x64,
    0x00, 0x00, 0x00, 0x00, 0x01, 0x00, 0x00, 0x00, 0x00, 0x00, 0x00, 0x00, 0x00, 0x00, 0x00, 0x00,
    0x01, 0x00, 0x00, 0x00, 0x04, 0x00, 0x00, 0x00, 0x67, 0x61, 0x74, 0x65, 0x00, 0x00, 0x00, 0x00,
    0x00, 0x1b, 0x00, 0x00, 0x00, 0x00, 0x00, 0x00, 0x00, 0x00, 0x21, 0x00, 0x00, 0x00, 0x43, 0x61,
    0x70, 0x44, 0x41, 0x47, 0x2e, 0x42, 0x69, 0x66, 0x61, 0x63, 0x69, 0x2e, 0x43, 0x72, 0x65, 0x64,
    0x69, 0x74, 0x2e, 0x41, 0x63, 0x71, 0x75, 0x69, 0x72, 0x65, 0x2e, 0x77, 0x61, 0x69, 0x74, 0x01,
    0x00, 0x00, 0x00, 0x00, 0x00, 0x00, 0x00, 0x00, 0x00, 0x00, 0x00, 0x00, 0x00, 0x00, 0x00, 0x00,
    0x00, 0x00, 0x00, 0x23, 0x00, 0x00, 0x00, 0x43, 0x61, 0x70, 0x44, 0x41, 0x47, 0x2e, 0x42, 0x69,
    0x66, 0x61, 0x63, 0x69, 0x2e, 0x43, 0x72, 0x65, 0x64, 0x69, 0x74, 0x2e, 0x41, 0x63, 0x71, 0x75,
    0x69, 0x72, 0x65, 0x2e, 0x63, 0x6c, 0x6f, 0x73, 0x65, 0x64, 0x02, 0x00, 0x00, 0x00, 0x01, 0x00,
    0x00, 0x00, 0x00, 0x00, 0x00, 0x00, 0x00, 0x00, 0x00, 0x00, 0x01, 0x00, 0x00, 0x00, 0x06, 0x00,
    0x00, 0x00, 0x72, 0x65, 0x61, 0x73, 0x6f, 0x6e, 0x00, 0x00, 0x00, 0x00, 0x00, 0x10, 0x1b, 0x00,
    0x00, 0x00, 0x43, 0x61, 0x70, 0x44, 0x41, 0x47, 0x2e, 0x42, 0x69, 0x66, 0x61, 0x63, 0x69, 0x2e,
    0x43, 0x72, 0x65, 0x64, 0x69, 0x74, 0x2e, 0x57, 0x69, 0x6e, 0x64, 0x6f, 0x77, 0x00, 0x00, 0x00,
    0x00, 0x00, 0x07, 0x00, 0x01, 0x00, 0x00, 0x00, 0x1e, 0x00, 0x00, 0x00, 0x43, 0x61, 0x70, 0x44,
    0x41, 0x47, 0x2e, 0x42, 0x69, 0x66, 0x61, 0x63, 0x69, 0x2e, 0x43, 0x72, 0x65, 0x64, 0x69, 0x74,
    0x2e, 0x57, 0x69, 0x6e, 0x64, 0x6f, 0x77, 0x2e, 0x6d, 0x6b, 0x00, 0x00, 0x00, 0x00, 0x03, 0x00,
    0x00, 0x00, 0x00, 0x00, 0x00, 0x00, 0x00, 0x00, 0x00, 0x00, 0x03, 0x00, 0x00, 0x00, 0x09, 0x00,
    0x00, 0x00, 0x72, 0x65, 0x6d, 0x61, 0x69, 0x6e, 0x69, 0x6e, 0x67, 0x00, 0x00, 0x00, 0x00, 0x00,
    0x00, 0x07, 0x00, 0x00, 0x00, 0x70, 0x65, 0x6e, 0x64, 0x69, 0x6e, 0x67, 0x00, 0x01, 0x00, 0x00,
    0x00, 0x00, 0x05, 0x00, 0x00, 0x00, 0x62, 0x61, 0x74, 0x63, 0x68, 0x00, 0x02, 0x00, 0x00, 0x00,
    0x00, 0x1c, 0x00, 0x00, 0x00, 0x43, 0x61, 0x70, 0x44, 0x41, 0x47, 0x2e, 0x42, 0x69, 0x66, 0x61,
    0x63, 0x69, 0x2e, 0x43, 0x72, 0x65, 0x64, 0x69, 0x74, 0x2e, 0x41, 0x72, 0x72, 0x69, 0x76, 0x61,
    0x6c, 0x00, 0x00, 0x00, 0x00, 0x00, 0x07, 0x00, 0x02, 0x00, 0x00, 0x00, 0x25, 0x00, 0x00, 0x00,
    0x43, 0x61, 0x70, 0x44, 0x41, 0x47, 0x2e, 0x42, 0x69, 0x66, 0x61, 0x63, 0x69, 0x2e, 0x43, 0x72,
    0x65, 0x64, 0x69, 0x74, 0x2e, 0x41, 0x72, 0x72, 0x69, 0x76, 0x61, 0x6c, 0x2e, 0x61, 0x63, 0x63,
    0x65, 0x70, 0x74, 0x65, 0x64, 0x00, 0x00, 0x00, 0x00, 0x01, 0x00, 0x00, 0x00, 0x00, 0x00, 0x00,
    0x00, 0x00, 0x00, 0x00, 0x00, 0x01, 0x00, 0x00, 0x00, 0x06, 0x00, 0x00, 0x00, 0x77, 0x69, 0x6e,
    0x64, 0x6f, 0x77, 0x00, 0x00, 0x00, 0x00, 0x00, 0x1b, 0x02, 0x00, 0x00, 0x00, 0x00, 0x00, 0x00,
    0x00, 0x26, 0x00, 0x00, 0x00, 0x43, 0x61, 0x70, 0x44, 0x41, 0x47, 0x2e, 0x42, 0x69, 0x66, 0x61,
    0x63, 0x69, 0x2e, 0x43, 0x72, 0x65, 0x64, 0x69, 0x74, 0x2e, 0x41, 0x72, 0x72, 0x69, 0x76, 0x61,
    0x6c, 0x2e, 0x76, 0x69, 0x6f, 0x6c, 0x61, 0x74, 0x69, 0x6f, 0x6e, 0x01, 0x00, 0x00, 0x00, 0x00,
    0x00, 0x00, 0x00, 0x00, 0x00, 0x00, 0x00, 0x00, 0x00, 0x00, 0x00, 0x00, 0x00, 0x00, 0x00, 0x1c,
    0x00, 0x00, 0x00, 0x43, 0x61, 0x70, 0x44, 0x41, 0x47, 0x2e, 0x42, 0x69, 0x66, 0x61, 0x63, 0x69,
    0x2e, 0x43, 0x72, 0x65, 0x64, 0x69, 0x74, 0x2e, 0x47, 0x72, 0x61, 0x6e, 0x74, 0x65, 0x64, 0x00,
    0x00, 0x00, 0x00, 0x00, 0x07, 0x00, 0x01, 0x00, 0x00, 0x00, 0x1f, 0x00, 0x00, 0x00, 0x43, 0x61,
    0x70, 0x44, 0x41, 0x47, 0x2e, 0x42, 0x69, 0x66, 0x61, 0x63, 0x69, 0x2e, 0x43, 0x72, 0x65, 0x64,
    0x69, 0x74, 0x2e, 0x47, 0x72, 0x61, 0x6e, 0x74, 0x65, 0x64, 0x2e, 0x6d, 0x6b, 0x00, 0x00, 0x00,
    0x00, 0x02, 0x00, 0x00, 0x00, 0x00, 0x00, 0x00, 0x00, 0x00, 0x00, 0x00, 0x00, 0x02, 0x00, 0x00,
    0x00, 0x06, 0x00, 0x00, 0x00, 0x77, 0x69, 0x6e, 0x64, 0x6f, 0x77, 0x00, 0x00, 0x00, 0x00, 0x00,
    0x1b, 0x02, 0x00, 0x00, 0x00, 0x00, 0x00, 0x00, 0x00, 0x05, 0x00, 0x00, 0x00, 0x67, 0x72, 0x61,
    0x6e, 0x74, 0x00, 0x01, 0x00, 0x00, 0x00, 0x00, 0x1c, 0x00, 0x00, 0x00, 0x43, 0x61, 0x70, 0x44,
    0x41, 0x47, 0x2e, 0x42, 0x69, 0x66, 0x61, 0x63, 0x69, 0x2e, 0x46, 0x6c, 0x6f, 0x77, 0x2e, 0x46,
    0x72, 0x61, 0x6d, 0x65, 0x54, 0x79, 0x70, 0x65, 0x00, 0x00, 0x00, 0x00, 0x00, 0x02, 0x00, 0x0e,
    0x00, 0x00, 0x00, 0x22, 0x00, 0x00, 0x00, 0x43, 0x61, 0x70, 0x44, 0x41, 0x47, 0x2e, 0x42, 0x69,
    0x66, 0x61, 0x63, 0x69, 0x2e, 0x46, 0x6c, 0x6f, 0x77, 0x2e, 0x46, 0x72, 0x61, 0x6d, 0x65, 0x54,
    0x79, 0x70, 0x65, 0x2e, 0x68, 0x65, 0x6c, 0x6c, 0x6f, 0x00, 0x00, 0x00, 0x00, 0x00, 0x00, 0x00,
    0x00, 0x00, 0x00, 0x00, 0x00, 0x00, 0x00, 0x00, 0x00, 0x00, 0x00, 0x00, 0x00, 0x20, 0x00, 0x00,
    0x00, 0x43, 0x61, 0x70, 0x44, 0x41, 0x47, 0x2e, 0x42, 0x69, 0x66, 0x61, 0x63, 0x69, 0x2e, 0x46,
    0x6c, 0x6f, 0x77, 0x2e, 0x46, 0x72, 0x61, 0x6d, 0x65, 0x54, 0x79, 0x70, 0x65, 0x2e, 0x72, 0x65,
    0x71, 0x01, 0x00, 0x00, 0x00, 0x00, 0x00, 0x00, 0x00, 0x00, 0x00, 0x00, 0x00, 0x00, 0x00, 0x00,
    0x00, 0x00, 0x00, 0x00, 0x00, 0x22, 0x00, 0x00, 0x00, 0x43, 0x61, 0x70, 0x44, 0x41, 0x47, 0x2e,
    0x42, 0x69, 0x66, 0x61, 0x63, 0x69, 0x2e, 0x46, 0x6c, 0x6f, 0x77, 0x2e, 0x46, 0x72, 0x61, 0x6d,
    0x65, 0x54, 0x79, 0x70, 0x65, 0x2e, 0x63, 0x68, 0x75, 0x6e, 0x6b, 0x02, 0x00, 0x00, 0x00, 0x00,
    0x00, 0x00, 0x00, 0x00, 0x00, 0x00, 0x00, 0x00, 0x00, 0x00, 0x00, 0x00, 0x00, 0x00, 0x00, 0x20,
    0x00, 0x00, 0x00, 0x43, 0x61, 0x70, 0x44, 0x41, 0x47, 0x2e, 0x42, 0x69, 0x66, 0x61, 0x63, 0x69,
    0x2e, 0x46, 0x6c, 0x6f, 0x77, 0x2e, 0x46, 0x72, 0x61, 0x6d, 0x65, 0x54, 0x79, 0x70, 0x65, 0x2e,
    0x66, 0x69, 0x6e, 0x03, 0x00, 0x00, 0x00, 0x00, 0x00, 0x00, 0x00, 0x00, 0x00, 0x00, 0x00, 0x00,
    0x00, 0x00, 0x00, 0x00, 0x00, 0x00, 0x00, 0x20, 0x00, 0x00, 0x00, 0x43, 0x61, 0x70, 0x44, 0x41,
    0x47, 0x2e, 0x42, 0x69, 0x66, 0x61, 0x63, 0x69, 0x2e, 0x46, 0x6c, 0x6f, 0x77, 0x2e, 0x46, 0x72,
    0x61, 0x6d, 0x65, 0x54, 0x79, 0x70, 0x65, 0x2e, 0x6c, 0x6f, 0x67, 0x04, 0x00, 0x00, 0x00, 0x00,
    0x00, 0x00, 0x00, 0x00, 0x00, 0x00, 0x00, 0x00, 0x00, 0x00, 0x00, 0x00, 0x00, 0x00, 0x00, 0x20,
    0x00, 0x00, 0x00, 0x43, 0x61, 0x70, 0x44, 0x41, 0x47, 0x2e, 0x42, 0x69, 0x66, 0x61, 0x63, 0x69,
    0x2e, 0x46, 0x6c, 0x6f, 0x77, 0x2e, 0x46, 0x72, 0x61, 0x6d, 0x65, 0x54, 0x79, 0x70, 0x65, 0x2e,
    0x65, 0x72, 0x72, 0x05, 0x00, 0x00, 0x00, 0x00, 0x00, 0x00, 0x00, 0x00, 0x00, 0x00, 0x00, 0x00,
    0x00, 0x00, 0x00, 0x00, 0x00, 0x00, 0x00, 0x26, 0x00, 0x00, 0x00, 0x43, 0x61, 0x70, 0x44, 0x41,
    0x47, 0x2e, 0x42, 0x69, 0x66, 0x61, 0x63, 0x69, 0x2e, 0x46, 0x6c, 0x6f, 0x77, 0x2e, 0x46, 0x72,
    0x61, 0x6d, 0x65, 0x54, 0x79, 0x70, 0x65, 0x2e, 0x68, 0x65, 0x61, 0x72, 0x74, 0x62, 0x65, 0x61,
    0x74, 0x06, 0x00, 0x00, 0x00, 0x00, 0x00, 0x00, 0x00, 0x00, 0x00, 0x00, 0x00, 0x00, 0x00, 0x00,
    0x00, 0x00, 0x00, 0x00, 0x00, 0x28, 0x00, 0x00, 0x00, 0x43, 0x61, 0x70, 0x44, 0x41, 0x47, 0x2e,
    0x42, 0x69, 0x66, 0x61, 0x63, 0x69, 0x2e, 0x46, 0x6c, 0x6f, 0x77, 0x2e, 0x46, 0x72, 0x61, 0x6d,
    0x65, 0x54, 0x79, 0x70, 0x65, 0x2e, 0x73, 0x74, 0x72, 0x65, 0x61, 0x6d, 0x53, 0x74, 0x61, 0x72,
    0x74, 0x07, 0x00, 0x00, 0x00, 0x00, 0x00, 0x00, 0x00, 0x00, 0x00, 0x00, 0x00, 0x00, 0x00, 0x00,
    0x00, 0x00, 0x00, 0x00, 0x00, 0x26, 0x00, 0x00, 0x00, 0x43, 0x61, 0x70, 0x44, 0x41, 0x47, 0x2e,
    0x42, 0x69, 0x66, 0x61, 0x63, 0x69, 0x2e, 0x46, 0x6c, 0x6f, 0x77, 0x2e, 0x46, 0x72, 0x61, 0x6d,
    0x65, 0x54, 0x79, 0x70, 0x65, 0x2e, 0x73, 0x74, 0x72, 0x65, 0x61, 0x6d, 0x45, 0x6e, 0x64, 0x08,
    0x00, 0x00, 0x00, 0x00, 0x00, 0x00, 0x00, 0x00, 0x00, 0x00, 0x00, 0x00, 0x00, 0x00, 0x00, 0x00,
    0x00, 0x00, 0x00, 0x28, 0x00, 0x00, 0x00, 0x43, 0x61, 0x70, 0x44, 0x41, 0x47, 0x2e, 0x42, 0x69,
    0x66, 0x61, 0x63, 0x69, 0x2e, 0x46, 0x6c, 0x6f, 0x77, 0x2e, 0x46, 0x72, 0x61, 0x6d, 0x65, 0x54,
    0x79, 0x70, 0x65, 0x2e, 0x72, 0x65, 0x6c, 0x61, 0x79, 0x4e, 0x6f, 0x74, 0x69, 0x66, 0x79, 0x09,
    0x00, 0x00, 0x00, 0x00, 0x00, 0x00, 0x00, 0x00, 0x00, 0x00, 0x00, 0x00, 0x00, 0x00, 0x00, 0x00,
    0x00, 0x00, 0x00, 0x27, 0x00, 0x00, 0x00, 0x43, 0x61, 0x70, 0x44, 0x41, 0x47, 0x2e, 0x42, 0x69,
    0x66, 0x61, 0x63, 0x69, 0x2e, 0x46, 0x6c, 0x6f, 0x77, 0x2e, 0x46, 0x72, 0x61, 0x6d, 0x65, 0x54,
    0x79, 0x70, 0x65, 0x2e, 0x72, 0x65, 0x6c, 0x61, 0x79, 0x53, 0x74, 0x61, 0x74, 0x65, 0x0a, 0x00,
    0x00, 0x00, 0x00, 0x00, 0x00, 0x00, 0x00, 0x00, 0x00, 0x00, 0x00, 0x00, 0x00, 0x00, 0x00, 0x00,
    0x00, 0x00, 0x23, 0x00, 0x00, 0x00, 0x43, 0x61, 0x70, 0x44, 0x41, 0x47, 0x2e, 0x42, 0x69, 0x66,
    0x61, 0x63, 0x69, 0x2e, 0x46, 0x6c, 0x6f, 0x77, 0x2e, 0x46, 0x72, 0x61, 0x6d, 0x65, 0x54, 0x79,
    0x70, 0x65, 0x2e, 0x63, 0x61, 0x6e, 0x63, 0x65, 0x6c, 0x0b, 0x00, 0x00, 0x00, 0x00, 0x00, 0x00,
    0x00, 0x00, 0x00, 0x00, 0x00, 0x00, 0x00, 0x00, 0x00, 0x00, 0x00, 0x00, 0x00, 0x23, 0x00, 0x00,
    0x00, 0x43, 0x61, 0x70, 0x44, 0x41, 0x47, 0x2e, 0x42, 0x69, 0x66, 0x61, 0x63, 0x69, 0x2e, 0x46,
    0x6c, 0x6f, 0x77, 0x2e, 0x46, 0x72, 0x61, 0x6d, 0x65, 0x54, 0x79, 0x70, 0x65, 0x2e, 0x63, 0x72,
    0x65, 0x64, 0x69, 0x74, 0x0c, 0x00, 0x00, 0x00, 0x00, 0x00, 0x00, 0x00, 0x00, 0x00, 0x00, 0x00,
    0x00, 0x00, 0x00, 0x00, 0x00, 0x00, 0x00, 0x00, 0x28, 0x00, 0x00, 0x00, 0x43, 0x61, 0x70, 0x44,
    0x41, 0x47, 0x2e, 0x42, 0x69, 0x66, 0x61, 0x63, 0x69, 0x2e, 0x46, 0x6c, 0x6f, 0x77, 0x2e, 0x46,
    0x72, 0x61, 0x6d, 0x65, 0x54, 0x79, 0x70, 0x65, 0x2e, 0x63, 0x6c, 0x6f, 0x73, 0x65, 0x53, 0x74,
    0x72, 0x65, 0x61, 0x6d, 0x0d, 0x00, 0x00, 0x00, 0x00, 0x00, 0x00, 0x00, 0x00, 0x00, 0x00, 0x00,
    0x00, 0x00, 0x00, 0x00, 0x00, 0x00, 0x00, 0x00, 0x1a, 0x00, 0x00, 0x00, 0x43, 0x61, 0x70, 0x44,
    0x41, 0x47, 0x2e, 0x42, 0x69, 0x66, 0x61, 0x63, 0x69, 0x2e, 0x46, 0x6c, 0x6f, 0x77, 0x2e, 0x52,
    0x65, 0x6f, 0x72, 0x64, 0x65, 0x72, 0x00, 0x00, 0x00, 0x00, 0x00, 0x07, 0x00, 0x01, 0x00, 0x00,
    0x00, 0x1d, 0x00, 0x00, 0x00, 0x43, 0x61, 0x70, 0x44, 0x41, 0x47, 0x2e, 0x42, 0x69, 0x66, 0x61,
    0x63, 0x69, 0x2e, 0x46, 0x6c, 0x6f, 0x77, 0x2e, 0x52, 0x65, 0x6f, 0x72, 0x64, 0x65, 0x72, 0x2e,
    0x6d, 0x6b, 0x00, 0x00, 0x00, 0x00, 0x02, 0x00, 0x00, 0x00, 0x00, 0x00, 0x00, 0x00, 0x00, 0x00,
    0x00, 0x00, 0x02, 0x00, 0x00, 0x00, 0x08, 0x00, 0x00, 0x00, 0x65, 0x78, 0x70, 0x65, 0x63, 0x74,
    0x65, 0x64, 0x00, 0x00, 0x00, 0x00, 0x00, 0x00, 0x04, 0x00, 0x00, 0x00, 0x68, 0x65, 0x6c, 0x64,
    0x00, 0x01, 0x00, 0x00, 0x00, 0x15, 0x00, 0x1b, 0x00, 0x00, 0x00, 0x43, 0x61, 0x70, 0x44, 0x41,
    0x47, 0x2e, 0x42, 0x69, 0x66, 0x61, 0x63, 0x69, 0x2e, 0x46, 0x6c, 0x6f, 0x77, 0x2e, 0x41, 0x63,
    0x63, 0x65, 0x70, 0x74, 0x65, 0x64, 0x00, 0x00, 0x00, 0x00, 0x00, 0x07, 0x00, 0x05, 0x00, 0x00,
    0x00, 0x23, 0x00, 0x00, 0x00, 0x43, 0x61, 0x70, 0x44, 0x41, 0x47, 0x2e, 0x42, 0x69, 0x66, 0x61,
    0x63, 0x69, 0x2e, 0x46, 0x6c, 0x6f, 0x77, 0x2e, 0x41, 0x63, 0x63, 0x65, 0x70, 0x74, 0x65, 0x64,
    0x2e, 0x64, 0x65, 0x6c, 0x69, 0x76, 0x65, 0x72, 0x00, 0x00, 0x00, 0x00, 0x02, 0x00, 0x00, 0x00,
    0x00, 0x00, 0x00, 0x00, 0x00, 0x00, 0x00, 0x00, 0x02, 0x00, 0x00, 0x00, 0x04, 0x00, 0x00, 0x00,
    0x66, 0x6c, 0x6f, 0x77, 0x00, 0x00, 0x00, 0x00, 0x00, 0x1b, 0x06, 0x00, 0x00, 0x00, 0x00, 0x00,
    0x00, 0x00, 0x04, 0x00, 0x00, 0x00, 0x73, 0x65, 0x71, 0x73, 0x00, 0x01, 0x00, 0x00, 0x00, 0x15,
    0x00, 0x20, 0x00, 0x00, 0x00, 0x43, 0x61, 0x70, 0x44, 0x41, 0x47, 0x2e, 0x42, 0x69, 0x66, 0x61,
    0x63, 0x69, 0x2e, 0x46, 0x6c, 0x6f, 0x77, 0x2e, 0x41, 0x63, 0x63, 0x65, 0x70, 0x74, 0x65, 0x64,
    0x2e, 0x68, 0x6f, 0x6c, 0x64, 0x01, 0x00, 0x00, 0x00, 0x01, 0x00, 0x00, 0x00, 0x00, 0x00, 0x00,
    0x00, 0x00, 0x00, 0x00, 0x00, 0x01, 0x00, 0x00, 0x00, 0x04, 0x00, 0x00, 0x00, 0x66, 0x6c, 0x6f,
    0x77, 0x00, 0x00, 0x00, 0x00, 0x00, 0x1b, 0x06, 0x00, 0x00, 0x00, 0x00, 0x00, 0x00, 0x00, 0x21,
    0x00, 0x00, 0x00, 0x43, 0x61, 0x70, 0x44, 0x41, 0x47, 0x2e, 0x42, 0x69, 0x66, 0x61, 0x63, 0x69,
    0x2e, 0x46, 0x6c, 0x6f, 0x77, 0x2e, 0x41, 0x63, 0x63, 0x65, 0x70, 0x74, 0x65, 0x64, 0x2e, 0x73,
    0x74, 0x61, 0x6c, 0x65, 0x02, 0x00, 0x00, 0x00, 0x00, 0x00, 0x00, 0x00, 0x00, 0x00, 0x00, 0x00,
    0x00, 0x00, 0x00, 0x00, 0x00, 0x00, 0x00, 0x00, 0x25, 0x00, 0x00, 0x00, 0x43, 0x61, 0x70, 0x44,
    0x41, 0x47, 0x2e, 0x42, 0x69, 0x66, 0x61, 0x63, 0x69, 0x2e, 0x46, 0x6c, 0x6f, 0x77, 0x2e, 0x41,
    0x63, 0x63, 0x65, 0x70, 0x74, 0x65, 0x64, 0x2e, 0x64, 0x75, 0x70, 0x6c, 0x69, 0x63, 0x61, 0x74,
    0x65, 0x03, 0x00, 0x00, 0x00, 0x00, 0x00, 0x00, 0x00, 0x00, 0x00, 0x00, 0x00, 0x00, 0x00, 0x00,
    0x00, 0x00, 0x00, 0x00, 0x00, 0x24, 0x00, 0x00, 0x00, 0x43, 0x61, 0x70, 0x44, 0x41, 0x47, 0x2e,
    0x42, 0x69, 0x66, 0x61, 0x63, 0x69, 0x2e, 0x46, 0x6c, 0x6f, 0x77, 0x2e, 0x41, 0x63, 0x63, 0x65,
    0x70, 0x74, 0x65, 0x64, 0x2e, 0x6f, 0x76, 0x65, 0x72, 0x66, 0x6c, 0x6f, 0x77, 0x04, 0x00, 0x00,
    0x00, 0x00, 0x00, 0x00, 0x00, 0x00, 0x00, 0x00, 0x00, 0x00, 0x00, 0x00, 0x00, 0x00, 0x00, 0x00,
    0x00, 0x19, 0x00, 0x00, 0x00, 0x43, 0x61, 0x70, 0x44, 0x41, 0x47, 0x2e, 0x42, 0x69, 0x66, 0x61,
    0x63, 0x69, 0x2e, 0x50, 0x6f, 0x6f, 0x6c, 0x73, 0x2e, 0x53, 0x74, 0x61, 0x74, 0x65, 0x00, 0x00,
    0x00, 0x00, 0x00, 0x07, 0x00, 0x01, 0x00, 0x00, 0x00, 0x1c, 0x00, 0x00, 0x00, 0x43, 0x61, 0x70,
    0x44, 0x41, 0x47, 0x2e, 0x42, 0x69, 0x66, 0x61, 0x63, 0x69, 0x2e, 0x50, 0x6f, 0x6f, 0x6c, 0x73,
    0x2e, 0x53, 0x74, 0x61, 0x74, 0x65, 0x2e, 0x6d, 0x6b, 0x00, 0x00, 0x00, 0x00, 0x03, 0x00, 0x00,
    0x00, 0x00, 0x00, 0x00, 0x00, 0x00, 0x00, 0x00, 0x00, 0x03, 0x00, 0x00, 0x00, 0x05, 0x00, 0x00,
    0x00, 0x70, 0x6f, 0x6f, 0x6c, 0x73, 0x00, 0x00, 0x00, 0x00, 0x00, 0x15, 0x1b, 0x18, 0x00, 0x00,
    0x00, 0x00, 0x00, 0x00, 0x00, 0x05, 0x00, 0x00, 0x00, 0x71, 0x75, 0x65, 0x75, 0x65, 0x00, 0x01,
    0x00, 0x00, 0x00, 0x15, 0x1b, 0x09, 0x00, 0x00, 0x00, 0x00, 0x00, 0x00, 0x00, 0x04, 0x00, 0x00,
    0x00, 0x6e, 0x65, 0x78, 0x74, 0x00, 0x02, 0x00, 0x00, 0x00, 0x00, 0x1a, 0x00, 0x00, 0x00, 0x43,
    0x61, 0x70, 0x44, 0x41, 0x47, 0x2e, 0x42, 0x69, 0x66, 0x61, 0x63, 0x69, 0x2e, 0x50, 0x6f, 0x6f,
    0x6c, 0x73, 0x2e, 0x57, 0x61, 0x69, 0x74, 0x65, 0x72, 0x00, 0x00, 0x00, 0x00, 0x00, 0x07, 0x00,
    0x01, 0x00, 0x00, 0x00, 0x1d, 0x00, 0x00, 0x00, 0x43, 0x61, 0x70, 0x44, 0x41, 0x47, 0x2e, 0x42,
    0x69, 0x66, 0x61, 0x63, 0x69, 0x2e, 0x50, 0x6f, 0x6f, 0x6c, 0x73, 0x2e, 0x57, 0x61, 0x69, 0x74,
    0x65, 0x72, 0x2e, 0x6d, 0x6b, 0x00, 0x00, 0x00, 0x00, 0x02, 0x00, 0x00, 0x00, 0x00, 0x00, 0x00,
    0x00, 0x00, 0x00, 0x00, 0x00, 0x02, 0x00, 0x00, 0x00, 0x06, 0x00, 0x00, 0x00, 0x74, 0x69, 0x63,
    0x6b, 0x65, 0x74, 0x00, 0x00, 0x00, 0x00, 0x00, 0x00, 0x05, 0x00, 0x00, 0x00, 0x63, 0x68, 0x61,
    0x69, 0x6e, 0x00, 0x01, 0x00, 0x00, 0x00, 0x15, 0x10, 0x1b, 0x00, 0x00, 0x00, 0x43, 0x61, 0x70,
    0x44, 0x41, 0x47, 0x2e, 0x42, 0x69, 0x66, 0x61, 0x63, 0x69, 0x2e, 0x50, 0x6f, 0x6f, 0x6c, 0x73,
    0x2e, 0x41, 0x72, 0x72, 0x69, 0x76, 0x61, 0x6c, 0x00, 0x00, 0x00, 0x00, 0x00, 0x07, 0x00, 0x03,
    0x00, 0x00, 0x00, 0x24, 0x00, 0x00, 0x00, 0x43, 0x61, 0x70, 0x44, 0x41, 0x47, 0x2e, 0x42, 0x69,
    0x66, 0x61, 0x63, 0x69, 0x2e, 0x50, 0x6f, 0x6f, 0x6c, 0x73, 0x2e, 0x41, 0x72, 0x72, 0x69, 0x76,
    0x61, 0x6c, 0x2e, 0x61, 0x64, 0x6d, 0x69, 0x74, 0x74, 0x65, 0x64, 0x00, 0x00, 0x00, 0x00, 0x01,
    0x00, 0x00, 0x00, 0x00, 0x00, 0x00, 0x00, 0x00, 0x00, 0x00, 0x00, 0x01, 0x00, 0x00, 0x00, 0x05,
    0x00, 0x00, 0x00, 0x73, 0x74, 0x61, 0x74, 0x65, 0x00, 0x00, 0x00, 0x00, 0x00, 0x1b, 0x08, 0x00,
    0x00, 0x00, 0x00, 0x00, 0x00, 0x00, 0x22, 0x00, 0x00, 0x00, 0x43, 0x61, 0x70, 0x44, 0x41, 0x47,
    0x2e, 0x42, 0x69, 0x66, 0x61, 0x63, 0x69, 0x2e, 0x50, 0x6f, 0x6f, 0x6c, 0x73, 0x2e, 0x41, 0x72,
    0x72, 0x69, 0x76, 0x61, 0x6c, 0x2e, 0x71, 0x75, 0x65, 0x75, 0x65, 0x64, 0x01, 0x00, 0x00, 0x00,
    0x03, 0x00, 0x00, 0x00, 0x00, 0x00, 0x00, 0x00, 0x00, 0x00, 0x00, 0x00, 0x03, 0x00, 0x00, 0x00,
    0x05, 0x00, 0x00, 0x00, 0x73, 0x74, 0x61, 0x74, 0x65, 0x00, 0x00, 0x00, 0x00, 0x00, 0x1b, 0x08,
    0x00, 0x00, 0x00, 0x00, 0x00, 0x00, 0x00, 0x06, 0x00, 0x00, 0x00, 0x74, 0x69, 0x63, 0x6b, 0x65,
    0x74, 0x00, 0x01, 0x00, 0x00, 0x00, 0x00, 0x08, 0x00, 0x00, 0x00, 0x70, 0x6f, 0x73, 0x69, 0x74,
    0x69, 0x6f, 0x6e, 0x00, 0x02, 0x00, 0x00, 0x00, 0x00, 0x27, 0x00, 0x00, 0x00, 0x43, 0x61, 0x70,
    0x44, 0x41, 0x47, 0x2e, 0x42, 0x69, 0x66, 0x61, 0x63, 0x69, 0x2e, 0x50, 0x6f, 0x6f, 0x6c, 0x73,
    0x2e, 0x41, 0x72, 0x72, 0x69, 0x76, 0x61, 0x6c, 0x2e, 0x75, 0x6e, 0x6b, 0x6e, 0x6f, 0x77, 0x6e,
    0x50, 0x6f, 0x6f, 0x6c, 0x02, 0x00, 0x00, 0x00, 0x01, 0x00, 0x00, 0x00, 0x00, 0x00, 0x00, 0x00,
    0x00, 0x00, 0x00, 0x00, 0x01, 0x00, 0x00, 0x00, 0x04, 0x00, 0x00, 0x00, 0x6e, 0x61, 0x6d, 0x65,
    0x00, 0x00, 0x00, 0x00, 0x00, 0x10, 0x1c, 0x00, 0x00, 0x00, 0x43, 0x61, 0x70, 0x44, 0x41, 0x47,
    0x2e, 0x42, 0x69, 0x66, 0x61, 0x63, 0x69, 0x2e, 0x50, 0x6f, 0x6f, 0x6c, 0x73, 0x2e, 0x50, 0x61,
    0x74, 0x69, 0x65, 0x6e, 0x63, 0x65, 0x00, 0x00, 0x00, 0x00, 0x00, 0x07, 0x00, 0x03, 0x00, 0x00,
    0x00, 0x26, 0x00, 0x00, 0x00, 0x43, 0x61, 0x70, 0x44, 0x41, 0x47, 0x2e, 0x42, 0x69, 0x66, 0x61,
    0x63, 0x69, 0x2e, 0x50, 0x6f, 0x6f, 0x6c, 0x73, 0x2e, 0x50, 0x61, 0x74, 0x69, 0x65, 0x6e, 0x63,
    0x65, 0x2e, 0x75, 0x6e, 0x62, 0x6f, 0x75, 0x6e, 0x64, 0x65, 0x64, 0x00, 0x00, 0x00, 0x00, 0x00,
    0x00, 0x00, 0x00, 0x00, 0x00, 0x00, 0x00, 0x00, 0x00, 0x00, 0x00, 0x00, 0x00, 0x00, 0x00, 0x23,
    0x00, 0x00, 0x00, 0x43, 0x61, 0x70, 0x44, 0x41, 0x47, 0x2e, 0x42, 0x69, 0x66, 0x61, 0x63, 0x69,
    0x2e, 0x50, 0x6f, 0x6f, 0x6c, 0x73, 0x2e, 0x50, 0x61, 0x74, 0x69, 0x65, 0x6e, 0x63, 0x65, 0x2e,
    0x61, 0x74, 0x4d, 0x6f, 0x73, 0x74, 0x01, 0x00, 0x00, 0x00, 0x01, 0x00, 0x00, 0x00, 0x00, 0x00,
    0x00, 0x00, 0x00, 0x00, 0x00, 0x00, 0x01, 0x00, 0x00, 0x00, 0x09, 0x00, 0x00, 0x00, 0x72, 0x65,
    0x6d, 0x61, 0x69, 0x6e, 0x69, 0x6e, 0x67, 0x00, 0x00, 0x00, 0x00, 0x00, 0x00, 0x26, 0x00, 0x00,
    0x00, 0x43, 0x61, 0x70, 0x44, 0x41, 0x47, 0x2e, 0x42, 0x69, 0x66, 0x61, 0x63, 0x69, 0x2e, 0x50,
    0x6f, 0x6f, 0x6c, 0x73, 0x2e, 0x50, 0x61, 0x74, 0x69, 0x65, 0x6e, 0x63, 0x65, 0x2e, 0x65, 0x78,
    0x68, 0x61, 0x75, 0x73, 0x74, 0x65, 0x64, 0x02, 0x00, 0x00, 0x00, 0x00, 0x00, 0x00, 0x00, 0x00,
    0x00, 0x00, 0x00, 0x00, 0x00, 0x00, 0x00, 0x00, 0x00, 0x00, 0x00, 0x1b, 0x00, 0x00, 0x00, 0x43,
    0x61, 0x70, 0x44, 0x41, 0x47, 0x2e, 0x42, 0x69, 0x66, 0x61, 0x63, 0x69, 0x2e, 0x52, 0x65, 0x71,
    0x75, 0x65, 0x73, 0x74, 0x2e, 0x50, 0x68, 0x61, 0x73, 0x65, 0x00, 0x00, 0x00, 0x00, 0x00, 0x02,
    0x00, 0x02, 0x00, 0x00, 0x00, 0x23, 0x00, 0x00, 0x00, 0x43, 0x61, 0x70, 0x44, 0x41, 0x47, 0x2e,
    0x42, 0x69, 0x66, 0x61, 0x63, 0x69, 0x2e, 0x52, 0x65, 0x71, 0x75, 0x65, 0x73, 0x74, 0x2e, 0x50,
    0x68, 0x61, 0x73, 0x65, 0x2e, 0x63, 0x72, 0x65, 0x61, 0x74, 0x65, 0x64, 0x00, 0x00, 0x00, 0x00,
    0x00, 0x00, 0x00, 0x00, 0x00, 0x00, 0x00, 0x00, 0x00, 0x00, 0x00, 0x00, 0x00, 0x00, 0x00, 0x00,
    0x25, 0x00, 0x00, 0x00, 0x43, 0x61, 0x70, 0x44, 0x41, 0x47, 0x2e, 0x42, 0x69, 0x66, 0x61, 0x63,
    0x69, 0x2e, 0x52, 0x65, 0x71, 0x75, 0x65, 0x73, 0x74, 0x2e, 0x50, 0x68, 0x61, 0x73, 0x65, 0x2e,
    0x73, 0x74, 0x72, 0x65, 0x61, 0x6d, 0x69, 0x6e, 0x67, 0x01, 0x00, 0x00, 0x00, 0x00, 0x00, 0x00,
    0x00, 0x00, 0x00, 0x00, 0x00, 0x00, 0x00, 0x00, 0x00, 0x00, 0x00, 0x00, 0x00, 0x1d, 0x00, 0x00,
    0x00, 0x43, 0x61, 0x70, 0x44, 0x41, 0x47, 0x2e, 0x42, 0x69, 0x66, 0x61, 0x63, 0x69, 0x2e, 0x52,
    0x65, 0x71, 0x75, 0x65, 0x73, 0x74, 0x2e, 0x45, 0x6d, 0x69, 0x74, 0x74, 0x65, 0x64, 0x00, 0x00,
    0x00, 0x00, 0x00, 0x07, 0x00, 0x06, 0x00, 0x00, 0x00, 0x29, 0x00, 0x00, 0x00, 0x43, 0x61, 0x70,
    0x44, 0x41, 0x47, 0x2e, 0x42, 0x69, 0x66, 0x61, 0x63, 0x69, 0x2e, 0x52, 0x65, 0x71, 0x75, 0x65,
    0x73, 0x74, 0x2e, 0x45, 0x6d, 0x69, 0x74, 0x74, 0x65, 0x64, 0x2e, 0x73, 0x74, 0x72, 0x65, 0x61,
    0x6d, 0x53, 0x74, 0x61, 0x72, 0x74, 0x00, 0x00, 0x00, 0x00, 0x01, 0x00, 0x00, 0x00, 0x00, 0x00,
    0x00, 0x00, 0x00, 0x00, 0x00, 0x00, 0x01, 0x00, 0x00, 0x00, 0x06, 0x00, 0x00, 0x00, 0x73, 0x74,
    0x72, 0x65, 0x61, 0x6d, 0x00, 0x00, 0x00, 0x00, 0x00, 0x10, 0x23, 0x00, 0x00, 0x00, 0x43, 0x61,
    0x70, 0x44, 0x41, 0x47, 0x2e, 0x42, 0x69, 0x66, 0x61, 0x63, 0x69, 0x2e, 0x52, 0x65, 0x71, 0x75,
    0x65, 0x73, 0x74, 0x2e, 0x45, 0x6d, 0x69, 0x74, 0x74, 0x65, 0x64, 0x2e, 0x63, 0x68, 0x75, 0x6e,
    0x6b, 0x01, 0x00, 0x00, 0x00, 0x02, 0x00, 0x00, 0x00, 0x00, 0x00, 0x00, 0x00, 0x00, 0x00, 0x00,
    0x00, 0x02, 0x00, 0x00, 0x00, 0x06, 0x00, 0x00, 0x00, 0x73, 0x74, 0x72, 0x65, 0x61, 0x6d, 0x00,
    0x00, 0x00, 0x00, 0x00, 0x10, 0x05, 0x00, 0x00, 0x00, 0x69, 0x6e, 0x64, 0x65, 0x78, 0x00, 0x01,
    0x00, 0x00, 0x00, 0x00, 0x27, 0x00, 0x00, 0x00, 0x43, 0x61, 0x70, 0x44, 0x41, 0x47, 0x2e, 0x42,
    0x69, 0x66, 0x61, 0x63, 0x69, 0x2e, 0x52, 0x65, 0x71, 0x75, 0x65, 0x73, 0x74, 0x2e, 0x45, 0x6d,
    0x69, 0x74, 0x74, 0x65, 0x64, 0x2e, 0x73, 0x74, 0x72, 0x65, 0x61, 0x6d, 0x45, 0x6e, 0x64, 0x02,
    0x00, 0x00, 0x00, 0x02, 0x00, 0x00, 0x00, 0x00, 0x00, 0x00, 0x00, 0x00, 0x00, 0x00, 0x00, 0x02,
    0x00, 0x00, 0x00, 0x06, 0x00, 0x00, 0x00, 0x73, 0x74, 0x72, 0x65, 0x61, 0x6d, 0x00, 0x00, 0x00,
    0x00, 0x00, 0x10, 0x05, 0x00, 0x00, 0x00, 0x63, 0x6f, 0x75, 0x6e, 0x74, 0x00, 0x01, 0x00, 0x00,
    0x00, 0x14, 0x00, 0x21, 0x00, 0x00, 0x00, 0x43, 0x61, 0x70, 0x44, 0x41, 0x47, 0x2e, 0x42, 0x69,
    0x66, 0x61, 0x63, 0x69, 0x2e, 0x52, 0x65, 0x71, 0x75, 0x65, 0x73, 0x74, 0x2e, 0x45, 0x6d, 0x69,
    0x74, 0x74, 0x65, 0x64, 0x2e, 0x66, 0x69, 0x6e, 0x03, 0x00, 0x00, 0x00, 0x00, 0x00, 0x00, 0x00,
    0x00, 0x00, 0x00, 0x00, 0x00, 0x00, 0x00, 0x00, 0x00, 0x00, 0x00, 0x00, 0x21, 0x00, 0x00, 0x00,
    0x43, 0x61, 0x70, 0x44, 0x41, 0x47, 0x2e, 0x42, 0x69, 0x66, 0x61, 0x63, 0x69, 0x2e, 0x52, 0x65,
    0x71, 0x75, 0x65, 0x73, 0x74, 0x2e, 0x45, 0x6d, 0x69, 0x74, 0x74, 0x65, 0x64, 0x2e, 0x65, 0x72,
    0x72, 0x04, 0x00, 0x00, 0x00, 0x00, 0x00, 0x00, 0x00, 0x00, 0x00, 0x00, 0x00, 0x00, 0x00, 0x00,
    0x00, 0x00, 0x00, 0x00, 0x00, 0x23, 0x00, 0x00, 0x00, 0x43, 0x61, 0x70, 0x44, 0x41, 0x47, 0x2e,
    0x42, 0x69, 0x66, 0x61, 0x63, 0x69, 0x2e, 0x52, 0x65, 0x71, 0x75, 0x65, 0x73, 0x74, 0x2e, 0x45,
    0x6d, 0x69, 0x74, 0x74, 0x65, 0x64, 0x2e, 0x6f, 0x74, 0x68, 0x65, 0x72, 0x05, 0x00, 0x00, 0x00,
    0x00, 0x00, 0x00, 0x00, 0x00, 0x00, 0x00, 0x00, 0x00, 0x00, 0x00, 0x00, 0x00, 0x00, 0x00, 0x00,
    0x1f, 0x00, 0x00, 0x00, 0x43, 0x61, 0x70, 0x44, 0x41, 0x47, 0x2e, 0x42, 0x69, 0x66, 0x61, 0x63,
    0x69, 0x2e, 0x52, 0x65, 0x71, 0x75, 0x65, 0x73, 0x74, 0x2e, 0x56, 0x69, 0x6f, 0x6c, 0x61, 0x74,
    0x69, 0x6f, 0x6e, 0x00, 0x00, 0x00, 0x00, 0x00, 0x07, 0x00, 0x06, 0x00, 0x00, 0x00, 0x28, 0x00,
    0x00, 0x00, 0x43, 0x61, 0x70, 0x44, 0x41, 0x47, 0x2e, 0x42, 0x69, 0x66, 0x61, 0x63, 0x69, 0x2e,
    0x52, 0x65, 0x71, 0x75, 0x65, 0x73, 0x74, 0x2e, 0x56, 0x69, 0x6f, 0x6c, 0x61, 0x74, 0x69, 0x6f,
    0x6e, 0x2e, 0x61, 0x66, 0x74, 0x65, 0x72, 0x45, 0x6e, 0x64, 0x00, 0x00, 0x00, 0x00, 0x00, 0x00,
    0x00, 0x00, 0x00, 0x00, 0x00, 0x00, 0x00, 0x00, 0x00, 0x00, 0x00, 0x00, 0x00, 0x00, 0x2f, 0x00,
    0x00, 0x00, 0x43, 0x61, 0x70, 0x44, 0x41, 0x47, 0x2e, 0x42, 0x69, 0x66, 0x61, 0x63, 0x69, 0x2e,
    0x52, 0x65, 0x71, 0x75, 0x65, 0x73, 0x74, 0x2e, 0x56, 0x69, 0x6f, 0x6c, 0x61, 0x74, 0x69, 0x6f,
    0x6e, 0x2e, 0x73, 0x74, 0x72, 0x65, 0x61, 0x6d, 0x52, 0x65, 0x73, 0x74, 0x61, 0x72, 0x74, 0x65,
    0x64, 0x01, 0x00, 0x00, 0x00, 0x01, 0x00, 0x00, 0x00, 0x00, 0x00, 0x00, 0x00, 0x00, 0x00, 0x00,
    0x00, 0x01, 0x00, 0x00, 0x00, 0x06, 0x00, 0x00, 0x00, 0x73, 0x74, 0x72, 0x65, 0x61, 0x6d, 0x00,
    0x00, 0x00, 0x00, 0x00, 0x10, 0x2d, 0x00, 0x00, 0x00, 0x43, 0x61, 0x70, 0x44, 0x41, 0x47, 0x2e,
    0x42, 0x69, 0x66, 0x61, 0x63, 0x69, 0x2e, 0x52, 0x65, 0x71, 0x75, 0x65, 0x73, 0x74, 0x2e, 0x56,
    0x69, 0x6f, 0x6c, 0x61, 0x74, 0x69, 0x6f, 0x6e, 0x2e, 0x73, 0x74, 0x72, 0x65, 0x61, 0x6d, 0x4e,
    0x6f, 0x74, 0x4f, 0x70, 0x65, 0x6e, 0x02, 0x00, 0x00, 0x00, 0x01, 0x00, 0x00, 0x00, 0x00, 0x00,
    0x00, 0x00, 0x00, 0x00, 0x00, 0x00, 0x01, 0x00, 0x00, 0x00, 0x06, 0x00, 0x00, 0x00, 0x73, 0x74,
    0x72, 0x65, 0x61, 0x6d, 0x00, 0x00, 0x00, 0x00, 0x00, 0x10, 0x2f, 0x00, 0x00, 0x00, 0x43, 0x61,
    0x70, 0x44, 0x41, 0x47, 0x2e, 0x42, 0x69, 0x66, 0x61, 0x63, 0x69, 0x2e, 0x52, 0x65, 0x71, 0x75,
    0x65, 0x73, 0x74, 0x2e, 0x56, 0x69, 0x6f, 0x6c, 0x61, 0x74, 0x69, 0x6f, 0x6e, 0x2e, 0x63, 0x68,
    0x75, 0x6e, 0x6b, 0x4f, 0x75, 0x74, 0x4f, 0x66, 0x50, 0x6c, 0x61, 0x63, 0x65, 0x03, 0x00, 0x00,
    0x00, 0x03, 0x00, 0x00, 0x00, 0x00, 0x00, 0x00, 0x00, 0x00, 0x00, 0x00, 0x00, 0x03, 0x00, 0x00,
    0x00, 0x06, 0x00, 0x00, 0x00, 0x73, 0x74, 0x72, 0x65, 0x61, 0x6d, 0x00, 0x00, 0x00, 0x00, 0x00,
    0x10, 0x08, 0x00, 0x00, 0x00, 0x65, 0x78, 0x70, 0x65, 0x63, 0x74, 0x65, 0x64, 0x00, 0x01, 0x00,
    0x00, 0x00, 0x00, 0x03, 0x00, 0x00, 0x00, 0x67, 0x6f, 0x74, 0x00, 0x02, 0x00, 0x00, 0x00, 0x00,
    0x2f, 0x00, 0x00, 0x00, 0x43, 0x61, 0x70, 0x44, 0x41, 0x47, 0x2e, 0x42, 0x69, 0x66, 0x61, 0x63,
    0x69, 0x2e, 0x52, 0x65, 0x71, 0x75, 0x65, 0x73, 0x74, 0x2e, 0x56, 0x69, 0x6f, 0x6c, 0x61, 0x74,
    0x69, 0x6f, 0x6e, 0x2e, 0x63, 0x68, 0x75, 0x6e, 0x6b, 0x43, 0x6f, 0x75, 0x6e, 0x74, 0x57, 0x72,
    0x6f, 0x6e, 0x67, 0x04, 0x00, 0x00, 0x00, 0x03, 0x00, 0x00, 0x00, 0x00, 0x00, 0x00, 0x00, 0x00,
    0x00, 0x00, 0x00, 0x03, 0x00, 0x00, 0x00, 0x06, 0x00, 0x00, 0x00, 0x73, 0x74, 0x72, 0x65, 0x61,
    0x6d, 0x00, 0x00, 0x00, 0x00, 0x00, 0x10, 0x04, 0x00, 0x00, 0x00, 0x73, 0x65, 0x6e, 0x74, 0x00,
    0x01, 0x00, 0x00, 0x00, 0x00, 0x04, 0x00, 0x00, 0x00, 0x73, 0x61, 0x69, 0x64, 0x00, 0x02, 0x00,
    0x00, 0x00, 0x00, 0x31, 0x00, 0x00, 0x00, 0x43, 0x61, 0x70, 0x44, 0x41, 0x47, 0x2e, 0x42, 0x69,
    0x66, 0x61, 0x63, 0x69, 0x2e, 0x52, 0x65, 0x71, 0x75, 0x65, 0x73, 0x74, 0x2e, 0x56, 0x69, 0x6f,
    0x6c, 0x61, 0x74, 0x69, 0x6f, 0x6e, 0x2e, 0x65, 0x6e, 0x64, 0x57, 0x69, 0x74, 0x68, 0x4f, 0x70,
    0x65, 0x6e, 0x53, 0x74, 0x72, 0x65, 0x61, 0x6d, 0x05, 0x00, 0x00, 0x00, 0x01, 0x00, 0x00, 0x00,
    0x00, 0x00, 0x00, 0x00, 0x00, 0x00, 0x00, 0x00, 0x01, 0x00, 0x00, 0x00, 0x06, 0x00, 0x00, 0x00,
    0x73, 0x74, 0x72, 0x65, 0x61, 0x6d, 0x00, 0x00, 0x00, 0x00, 0x00, 0x10, 0x21, 0x00, 0x00, 0x00,
    0x43, 0x61, 0x70, 0x44, 0x41, 0x47, 0x2e, 0x42, 0x69, 0x66, 0x61, 0x63, 0x69, 0x2e, 0x52, 0x65,
    0x71, 0x75, 0x65, 0x73, 0x74, 0x2e, 0x44, 0x69, 0x73, 0x70, 0x6f, 0x73, 0x69, 0x74, 0x69, 0x6f,
    0x6e, 0x00, 0x00, 0x00, 0x00, 0x00, 0x02, 0x00, 0x03, 0x00, 0x00, 0x00, 0x27, 0x00, 0x00, 0x00,
    0x43, 0x61, 0x70, 0x44, 0x41, 0x47, 0x2e, 0x42, 0x69, 0x66, 0x61, 0x63, 0x69, 0x2e, 0x52, 0x65,
    0x71, 0x75, 0x65, 0x73, 0x74, 0x2e, 0x44, 0x69, 0x73, 0x70, 0x6f, 0x73, 0x69, 0x74, 0x69, 0x6f,
    0x6e, 0x2e, 0x72, 0x6f, 0x75, 0x74, 0x65, 0x00, 0x00, 0x00, 0x00, 0x00, 0x00, 0x00, 0x00, 0x00,
    0x00, 0x00, 0x00, 0x00, 0x00, 0x00, 0x00, 0x00, 0x00, 0x00, 0x00, 0x2b, 0x00, 0x00, 0x00, 0x43,
    0x61, 0x70, 0x44, 0x41, 0x47, 0x2e, 0x42, 0x69, 0x66, 0x61, 0x63, 0x69, 0x2e, 0x52, 0x65, 0x71,
    0x75, 0x65, 0x73, 0x74, 0x2e, 0x44, 0x69, 0x73, 0x70, 0x6f, 0x73, 0x69, 0x74, 0x69, 0x6f, 0x6e,
    0x2e, 0x73, 0x74, 0x72, 0x61, 0x67, 0x67, 0x6c, 0x65, 0x72, 0x01, 0x00, 0x00, 0x00, 0x00, 0x00,
    0x00, 0x00, 0x00, 0x00, 0x00, 0x00, 0x00, 0x00, 0x00, 0x00, 0x00, 0x00, 0x00, 0x00, 0x29, 0x00,
    0x00, 0x00, 0x43, 0x61, 0x70, 0x44, 0x41, 0x47, 0x2e, 0x42, 0x69, 0x66, 0x61, 0x63, 0x69, 0x2e,
    0x52, 0x65, 0x71, 0x75, 0x65, 0x73, 0x74, 0x2e, 0x44, 0x69, 0x73, 0x70, 0x6f, 0x73, 0x69, 0x74,
    0x69, 0x6f, 0x6e, 0x2e, 0x6e, 0x6f, 0x52, 0x6f, 0x75, 0x74, 0x65, 0x02, 0x00, 0x00, 0x00, 0x00,
    0x00, 0x00, 0x00, 0x00, 0x00, 0x00, 0x00, 0x00, 0x00, 0x00, 0x00, 0x00, 0x00, 0x00, 0x00, 0x1e,
    0x00, 0x00, 0x00, 0x43, 0x61, 0x70, 0x44, 0x41, 0x47, 0x2e, 0x42, 0x69, 0x66, 0x61, 0x63, 0x69,
    0x2e, 0x52, 0x65, 0x71, 0x75, 0x65, 0x73, 0x74, 0x2e, 0x54, 0x65, 0x72, 0x6d, 0x69, 0x6e, 0x61,
    0x6c, 0x00, 0x00, 0x00, 0x00, 0x00, 0x02, 0x00, 0x04, 0x00, 0x00, 0x00, 0x27, 0x00, 0x00, 0x00,
    0x43, 0x61, 0x70, 0x44, 0x41, 0x47, 0x2e, 0x42, 0x69, 0x66, 0x61, 0x63, 0x69, 0x2e, 0x52, 0x65,
    0x71, 0x75, 0x65, 0x73, 0x74, 0x2e, 0x54, 0x65, 0x72, 0x6d, 0x69, 0x6e, 0x61, 0x6c, 0x2e, 0x66,
    0x69, 0x6e, 0x69, 0x73, 0x68, 0x65, 0x64, 0x00, 0x00, 0x00, 0x00, 0x00, 0x00, 0x00, 0x00, 0x00,
    0x00, 0x00, 0x00, 0x00, 0x00, 0x00, 0x00, 0x00, 0x00, 0x00, 0x00, 0x25, 0x00, 0x00, 0x00, 0x43,
    0x61, 0x70, 0x44, 0x41, 0x47, 0x2e, 0x42, 0x69, 0x66, 0x61, 0x63, 0x69, 0x2e, 0x52, 0x65, 0x71,
    0x75, 0x65, 0x73, 0x74, 0x2e, 0x54, 0x65, 0x72, 0x6d, 0x69, 0x6e, 0x61, 0x6c, 0x2e, 0x66, 0x61,
    0x69, 0x6c, 0x65, 0x64, 0x01, 0x00, 0x00, 0x00, 0x00, 0x00, 0x00, 0x00, 0x00, 0x00, 0x00, 0x00,
    0x00, 0x00, 0x00, 0x00, 0x00, 0x00, 0x00, 0x00, 0x28, 0x00, 0x00, 0x00, 0x43, 0x61, 0x70, 0x44,
    0x41, 0x47, 0x2e, 0x42, 0x69, 0x66, 0x61, 0x63, 0x69, 0x2e, 0x52, 0x65, 0x71, 0x75, 0x65, 0x73,
    0x74, 0x2e, 0x54, 0x65, 0x72, 0x6d, 0x69, 0x6e, 0x61, 0x6c, 0x2e, 0x63, 0x61, 0x6e, 0x63, 0x65,
    0x6c, 0x6c, 0x65, 0x64, 0x02, 0x00, 0x00, 0x00, 0x00, 0x00, 0x00, 0x00, 0x00, 0x00, 0x00, 0x00,
    0x00, 0x00, 0x00, 0x00, 0x00, 0x00, 0x00, 0x00, 0x29, 0x00, 0x00, 0x00, 0x43, 0x61, 0x70, 0x44,
    0x41, 0x47, 0x2e, 0x42, 0x69, 0x66, 0x61, 0x63, 0x69, 0x2e, 0x52, 0x65, 0x71, 0x75, 0x65, 0x73,
    0x74, 0x2e, 0x54, 0x65, 0x72, 0x6d, 0x69, 0x6e, 0x61, 0x6c, 0x2e, 0x6d, 0x61, 0x73, 0x74, 0x65,
    0x72, 0x44, 0x69, 0x65, 0x64, 0x03, 0x00, 0x00, 0x00, 0x00, 0x00, 0x00, 0x00, 0x00, 0x00, 0x00,
    0x00, 0x00, 0x00, 0x00, 0x00, 0x00, 0x00, 0x00, 0x00, 0x1b, 0x00, 0x00, 0x00, 0x43, 0x61, 0x70,
    0x44, 0x41, 0x47, 0x2e, 0x42, 0x69, 0x66, 0x61, 0x63, 0x69, 0x2e, 0x52, 0x65, 0x71, 0x75, 0x65,
    0x73, 0x74, 0x2e, 0x57, 0x72, 0x69, 0x74, 0x65, 0x00, 0x00, 0x00, 0x00, 0x00, 0x07, 0x00, 0x02,
    0x00, 0x00, 0x00, 0x20, 0x00, 0x00, 0x00, 0x43, 0x61, 0x70, 0x44, 0x41, 0x47, 0x2e, 0x42, 0x69,
    0x66, 0x61, 0x63, 0x69, 0x2e, 0x52, 0x65, 0x71, 0x75, 0x65, 0x73, 0x74, 0x2e, 0x57, 0x72, 0x69,
    0x74, 0x65, 0x2e, 0x73, 0x65, 0x6e, 0x64, 0x00, 0x00, 0x00, 0x00, 0x00, 0x00, 0x00, 0x00, 0x00,
    0x00, 0x00, 0x00, 0x01, 0x00, 0x00, 0x00, 0x01, 0x00, 0x00, 0x00, 0x04, 0x00, 0x00, 0x00, 0x65,
    0x6e, 0x64, 0x73, 0x02, 0x00, 0x00, 0x00, 0x00, 0x02, 0x02, 0x24, 0x00, 0x00, 0x00, 0x43, 0x61,
    0x70, 0x44, 0x41, 0x47, 0x2e, 0x42, 0x69, 0x66, 0x61, 0x63, 0x69, 0x2e, 0x52, 0x65, 0x71, 0x75,
    0x65, 0x73, 0x74, 0x2e, 0x57, 0x72, 0x69, 0x74, 0x65, 0x2e, 0x73, 0x75, 0x70, 0x70, 0x72, 0x65,
    0x73, 0x73, 0x01, 0x00, 0x00, 0x00, 0x00, 0x00, 0x00, 0x00, 0x00, 0x00, 0x00, 0x00, 0x00, 0x00,
    0x00, 0x00, 0x00, 0x00, 0x00, 0x00, 0x11, 0x00, 0x00, 0x00, 0x43, 0x61, 0x70, 0x44, 0x41, 0x47,
    0x2e, 0x45, 0x78, 0x65, 0x63, 0x2e, 0x57, 0x66, 0x43, 0x61, 0x70, 0x00, 0x00, 0x00, 0x00, 0x00,
    0x07, 0x00, 0x01, 0x00, 0x00, 0x00, 0x14, 0x00, 0x00, 0x00, 0x43, 0x61, 0x70, 0x44, 0x41, 0x47,
    0x2e, 0x45, 0x78, 0x65, 0x63, 0x2e, 0x57, 0x66, 0x43, 0x61, 0x70, 0x2e, 0x6d, 0x6b, 0x00, 0x00,
    0x00, 0x00, 0x03, 0x00, 0x00, 0x00, 0x00, 0x00, 0x00, 0x00, 0x01, 0x00, 0x00, 0x00, 0x04, 0x00,
    0x00, 0x00, 0x05, 0x00, 0x00, 0x00, 0x69, 0x6e, 0x70, 0x75, 0x74, 0x00, 0x00, 0x00, 0x00, 0x00,
    0x1b, 0x15, 0x00, 0x00, 0x00, 0x00, 0x00, 0x00, 0x00, 0x06, 0x00, 0x00, 0x00, 0x6f, 0x75, 0x74,
    0x70, 0x75, 0x74, 0x00, 0x01, 0x00, 0x00, 0x00, 0x1b, 0x15, 0x00, 0x00, 0x00, 0x00, 0x00, 0x00,
    0x00, 0x05, 0x00, 0x00, 0x00, 0x6f, 0x74, 0x68, 0x65, 0x72, 0x00, 0x02, 0x00, 0x00, 0x00, 0x1b,
    0x15, 0x00, 0x00, 0x00, 0x00, 0x00, 0x00, 0x00, 0x06, 0x00, 0x00, 0x00, 0x65, 0x66, 0x66, 0x65,
    0x63, 0x74, 0x02, 0x00, 0x00, 0x00, 0x00, 0x02, 0x1b, 0x13, 0x00, 0x00, 0x00, 0x00, 0x00, 0x00,
    0x00, 0x0d, 0x00, 0x00, 0x00, 0x43, 0x61, 0x70, 0x44, 0x41, 0x47, 0x2e, 0x45, 0x66, 0x66, 0x65,
    0x63, 0x74, 0x00, 0x00, 0x00, 0x00, 0x00, 0x02, 0x00, 0x04, 0x00, 0x00, 0x00, 0x19, 0x00, 0x00,
    0x00, 0x43, 0x61, 0x70, 0x44, 0x41, 0x47, 0x2e, 0x45, 0x66, 0x66, 0x65, 0x63, 0x74, 0x2e, 0x75,
    0x6e, 0x73, 0x70, 0x65, 0x63, 0x69, 0x66, 0x69, 0x65, 0x64, 0x00, 0x00, 0x00, 0x00, 0x00, 0x00,
    0x00, 0x00, 0x00, 0x00, 0x00, 0x00, 0x00, 0x00, 0x00, 0x00, 0x00, 0x00, 0x00, 0x00, 0x16, 0x00,
    0x00, 0x00, 0x43, 0x61, 0x70, 0x44, 0x41, 0x47, 0x2e, 0x45, 0x66, 0x66, 0x65, 0x63, 0x74, 0x2e,
    0x64, 0x65, 0x63, 0x6c, 0x61, 0x72, 0x65, 0x64, 0x01, 0x00, 0x00, 0x00, 0x00, 0x00, 0x00, 0x00,
    0x00, 0x00, 0x00, 0x00, 0x00, 0x00, 0x00, 0x00, 0x00, 0x00, 0x00, 0x00, 0x12, 0x00, 0x00, 0x00,
    0x43, 0x61, 0x70, 0x44, 0x41, 0x47, 0x2e, 0x45, 0x66, 0x66, 0x65, 0x63, 0x74, 0x2e, 0x6e, 0x6f,
    0x6e, 0x65, 0x02, 0x00, 0x00, 0x00, 0x00, 0x00, 0x00, 0x00, 0x00, 0x00, 0x00, 0x00, 0x00, 0x00,
    0x00, 0x00, 0x00, 0x00, 0x00, 0x00, 0x13, 0x00, 0x00, 0x00, 0x43, 0x61, 0x70, 0x44, 0x41, 0x47,
    0x2e, 0x45, 0x66, 0x66, 0x65, 0x63, 0x74, 0x2e, 0x70, 0x61, 0x74, 0x63, 0x68, 0x03, 0x00, 0x00,
    0x00, 0x00, 0x00, 0x00, 0x00, 0x00, 0x00, 0x00, 0x00, 0x00, 0x00, 0x00, 0x00, 0x00, 0x00, 0x00,
    0x00, 0x13, 0x00, 0x00, 0x00, 0x43, 0x61, 0x70, 0x44, 0x41, 0x47, 0x2e, 0x45, 0x78, 0x65, 0x63,
    0x2e, 0x57, 0x66, 0x51, 0x75, 0x65, 0x72, 0x79, 0x00, 0x00, 0x00, 0x00, 0x00, 0x07, 0x00, 0x01,
    0x00, 0x00, 0x00, 0x16, 0x00, 0x00, 0x00, 0x43, 0x61, 0x70, 0x44, 0x41, 0x47, 0x2e, 0x45, 0x78,
    0x65, 0x63, 0x2e, 0x57, 0x66, 0x51, 0x75, 0x65, 0x72, 0x79, 0x2e, 0x6d, 0x6b, 0x00, 0x00, 0x00,
    0x00, 0x03, 0x00, 0x00, 0x00, 0x00, 0x00, 0x00, 0x00, 0x01, 0x00, 0x00, 0x00, 0x04, 0x00, 0x00,
    0x00, 0x05, 0x00, 0x00, 0x00, 0x69, 0x6e, 0x70, 0x75, 0x74, 0x00, 0x00, 0x00, 0x00, 0x00, 0x1b,
    0x19, 0x00, 0x00, 0x00, 0x00, 0x00, 0x00, 0x00, 0x06, 0x00, 0x00, 0x00, 0x6f, 0x75, 0x74, 0x70,
    0x75, 0x74, 0x00, 0x01, 0x00, 0x00, 0x00, 0x1b, 0x19, 0x00, 0x00, 0x00, 0x00, 0x00, 0x00, 0x00,
    0x04, 0x00, 0x00, 0x00, 0x74, 0x61, 0x67, 0x73, 0x00, 0x02, 0x00, 0x00, 0x00, 0x1b, 0x15, 0x00,
    0x00, 0x00, 0x00, 0x00, 0x00, 0x00, 0x06, 0x00, 0x00, 0x00, 0x65, 0x66, 0x66, 0x65, 0x63, 0x74,
    0x02, 0x00, 0x00, 0x00, 0x00, 0x02, 0x1b, 0x13, 0x00, 0x00, 0x00, 0x00, 0x00, 0x00, 0x00, 0x11,
    0x00, 0x00, 0x00, 0x54, 0x61, 0x67, 0x67, 0x65, 0x64, 0x55, 0x72, 0x6e, 0x2e, 0x45, 0x78, 0x65,
    0x63, 0x2e, 0x57, 0x66, 0x01, 0x00, 0x00, 0x00, 0x00, 0x07, 0x00, 0x00, 0x00, 0x00, 0x00, 0x0c,
    0x00, 0x00, 0x00, 0x43, 0x61, 0x70, 0x44, 0x41, 0x47, 0x2e, 0x47, 0x72, 0x61, 0x64, 0x65, 0x00,
    0x00, 0x00, 0x00, 0x00, 0x02, 0x00, 0x04, 0x00, 0x00, 0x00, 0x12, 0x00, 0x00, 0x00, 0x43, 0x61,
    0x70, 0x44, 0x41, 0x47, 0x2e, 0x47, 0x72, 0x61, 0x64, 0x65, 0x2e, 0x65, 0x78, 0x61, 0x63, 0x74,
    0x00, 0x00, 0x00, 0x00, 0x00, 0x00, 0x00, 0x00, 0x00, 0x00, 0x00, 0x00, 0x00, 0x00, 0x00, 0x00,
    0x00, 0x00, 0x00, 0x00, 0x17, 0x00, 0x00, 0x00, 0x43, 0x61, 0x70, 0x44, 0x41, 0x47, 0x2e, 0x47,
    0x72, 0x61, 0x64, 0x65, 0x2e, 0x67, 0x75, 0x61, 0x72, 0x61, 0x6e, 0x74, 0x65, 0x65, 0x64, 0x01,
    0x00, 0x00, 0x00, 0x00, 0x00, 0x00, 0x00, 0x00, 0x00, 0x00, 0x00, 0x00, 0x00, 0x00, 0x00, 0x00,
    0x00, 0x00, 0x00, 0x15, 0x00, 0x00, 0x00, 0x43, 0x61, 0x70, 0x44, 0x41, 0x47, 0x2e, 0x47, 0x72,
    0x61, 0x64, 0x65, 0x2e, 0x70, 0x6f, 0x73, 0x73, 0x69, 0x62, 0x6c, 0x65, 0x02, 0x00, 0x00, 0x00,
    0x00, 0x00, 0x00, 0x00, 0x00, 0x00, 0x00, 0x00, 0x00, 0x00, 0x00, 0x00, 0x00, 0x00, 0x00, 0x00,
    0x11, 0x00, 0x00, 0x00, 0x43, 0x61, 0x70, 0x44, 0x41, 0x47, 0x2e, 0x47, 0x72, 0x61, 0x64, 0x65,
    0x2e, 0x6e, 0x6f, 0x6e, 0x65, 0x03, 0x00, 0x00, 0x00, 0x00, 0x00, 0x00, 0x00, 0x00, 0x00, 0x00,
    0x00, 0x00, 0x00, 0x00, 0x00, 0x00, 0x00, 0x00, 0x00, 0x14, 0x00, 0x00, 0x00, 0x54, 0x61, 0x67,
    0x67, 0x65, 0x64, 0x55, 0x72, 0x6e, 0x2e, 0x43, 0x6f, 0x6e, 0x73, 0x74, 0x72, 0x61, 0x69, 0x6e,
    0x74, 0x00, 0x00, 0x00, 0x00, 0x00, 0x07, 0x00, 0x07, 0x00, 0x00, 0x00, 0x1c, 0x00, 0x00, 0x00,
    0x54, 0x61, 0x67, 0x67, 0x65, 0x64, 0x55, 0x72, 0x6e, 0x2e, 0x43, 0x6f, 0x6e, 0x73, 0x74, 0x72,
    0x61, 0x69, 0x6e, 0x74, 0x2e, 0x6d, 0x69, 0x73, 0x73, 0x69, 0x6e, 0x67, 0x00, 0x00, 0x00, 0x00,
    0x00, 0x00, 0x00, 0x00, 0x00, 0x00, 0x00, 0x00, 0x00, 0x00, 0x00, 0x00, 0x00, 0x00, 0x00, 0x00,
    0x22, 0x00, 0x00, 0x00, 0x54, 0x61, 0x67, 0x67, 0x65, 0x64, 0x55, 0x72, 0x6e, 0x2e, 0x43, 0x6f,
    0x6e, 0x73, 0x74, 0x72, 0x61, 0x69, 0x6e, 0x74, 0x2e, 0x75, 0x6e, 0x63, 0x6f, 0x6e, 0x73, 0x74,
    0x72, 0x61, 0x69, 0x6e, 0x65, 0x64, 0x01, 0x00, 0x00, 0x00, 0x00, 0x00, 0x00, 0x00, 0x00, 0x00,
    0x00, 0x00, 0x00, 0x00, 0x00, 0x00, 0x00, 0x00, 0x00, 0x00, 0x20, 0x00, 0x00, 0x00, 0x54, 0x61,
    0x67, 0x67, 0x65, 0x64, 0x55, 0x72, 0x6e, 0x2e, 0x43, 0x6f, 0x6e, 0x73, 0x74, 0x72, 0x61, 0x69,
    0x6e, 0x74, 0x2e, 0x6f, 0x70, 0x74, 0x69, 0x6f, 0x6e, 0x61, 0x6c, 0x4e, 0x6f, 0x74, 0x02, 0x00,
    0x00, 0x00, 0x01, 0x00, 0x00, 0x00, 0x00, 0x00, 0x00, 0x00, 0x00, 0x00, 0x00, 0x00, 0x01, 0x00,
    0x00, 0x00, 0x05, 0x00, 0x00, 0x00, 0x76, 0x61, 0x6c, 0x75, 0x65, 0x00, 0x00, 0x00, 0x00, 0x00,
    0x10, 0x1c, 0x00, 0x00, 0x00, 0x54, 0x61, 0x67, 0x67, 0x65, 0x64, 0x55, 0x72, 0x6e, 0x2e, 0x43,
    0x6f, 0x6e, 0x73, 0x74, 0x72, 0x61, 0x69, 0x6e, 0x74, 0x2e, 0x70, 0x72, 0x65, 0x73, 0x65, 0x6e,
    0x74, 0x03, 0x00, 0x00, 0x00, 0x00, 0x00, 0x00, 0x00, 0x00, 0x00, 0x00, 0x00, 0x00, 0x00, 0x00,
    0x00, 0x00, 0x00, 0x00, 0x00, 0x1f, 0x00, 0x00, 0x00, 0x54, 0x61, 0x67, 0x67, 0x65, 0x64, 0x55,
    0x72, 0x6e, 0x2e, 0x43, 0x6f, 0x6e, 0x73, 0x74, 0x72, 0x61, 0x69, 0x6e, 0x74, 0x2e, 0x70, 0x72,
    0x65, 0x73, 0x65, 0x6e, 0x74, 0x4e, 0x6f, 0x74, 0x04, 0x00, 0x00, 0x00, 0x01, 0x00, 0x00, 0x00,
    0x00, 0x00, 0x00, 0x00, 0x00, 0x00, 0x00, 0x00, 0x01, 0x00, 0x00, 0x00, 0x05, 0x00, 0x00, 0x00,
    0x76, 0x61, 0x6c, 0x75, 0x65, 0x00, 0x00, 0x00, 0x00, 0x00, 0x10, 0x1a, 0x00, 0x00, 0x00, 0x54,
    0x61, 0x67, 0x67, 0x65, 0x64, 0x55, 0x72, 0x6e, 0x2e, 0x43, 0x6f, 0x6e, 0x73, 0x74, 0x72, 0x61,
    0x69, 0x6e, 0x74, 0x2e, 0x65, 0x78, 0x61, 0x63, 0x74, 0x05, 0x00, 0x00, 0x00, 0x01, 0x00, 0x00,
    0x00, 0x00, 0x00, 0x00, 0x00, 0x00, 0x00, 0x00, 0x00, 0x01, 0x00, 0x00, 0x00, 0x05, 0x00, 0x00,
    0x00, 0x76, 0x61, 0x6c, 0x75, 0x65, 0x00, 0x00, 0x00, 0x00, 0x00, 0x10, 0x1b, 0x00, 0x00, 0x00,
    0x54, 0x61, 0x67, 0x67, 0x65, 0x64, 0x55, 0x72, 0x6e, 0x2e, 0x43, 0x6f, 0x6e, 0x73, 0x74, 0x72,
    0x61, 0x69, 0x6e, 0x74, 0x2e, 0x61, 0x62, 0x73, 0x65, 0x6e, 0x74, 0x06, 0x00, 0x00, 0x00, 0x00,
    0x00, 0x00, 0x00, 0x00, 0x00, 0x00, 0x00, 0x00, 0x00, 0x00, 0x00, 0x00, 0x00, 0x00, 0x00, 0x18,
    0x00, 0x00, 0x00, 0x43, 0x61, 0x70, 0x44, 0x41, 0x47, 0x2e, 0x42, 0x69, 0x66, 0x61, 0x63, 0x69,
    0x2e, 0x50, 0x6f, 0x6f, 0x6c, 0x73, 0x2e, 0x50, 0x6f, 0x6f, 0x6c, 0x00, 0x00, 0x00, 0x00, 0x00,
    0x07, 0x00, 0x01, 0x00, 0x00, 0x00, 0x1b, 0x00, 0x00, 0x00, 0x43, 0x61, 0x70, 0x44, 0x41, 0x47,
    0x2e, 0x42, 0x69, 0x66, 0x61, 0x63, 0x69, 0x2e, 0x50, 0x6f, 0x6f, 0x6c, 0x73, 0x2e, 0x50, 0x6f,
    0x6f, 0x6c, 0x2e, 0x6d, 0x6b, 0x00, 0x00, 0x00, 0x00, 0x03, 0x00, 0x00, 0x00, 0x00, 0x00, 0x00,
    0x00, 0x00, 0x00, 0x00, 0x00, 0x03, 0x00, 0x00, 0x00, 0x04, 0x00, 0x00, 0x00, 0x6e, 0x61, 0x6d,
    0x65, 0x00, 0x00, 0x00, 0x00, 0x00, 0x10, 0x08, 0x00, 0x00, 0x00, 0x63, 0x61, 0x70, 0x61, 0x63,
    0x69, 0x74, 0x79, 0x00, 0x01, 0x00, 0x00, 0x00, 0x00, 0x06, 0x00, 0x00, 0x00, 0x61, 0x63, 0x74,
    0x69, 0x76, 0x65, 0x00, 0x02, 0x00, 0x00, 0x00, 0x00, 0x11, 0x00, 0x00, 0x00, 0x43, 0x61, 0x70,
    0x44, 0x41, 0x47, 0x2e, 0x45, 0x78, 0x65, 0x63, 0x2e, 0x57, 0x66, 0x41, 0x73, 0x6b, 0x00, 0x00,
    0x00, 0x00, 0x00, 0x07, 0x00, 0x04, 0x00, 0x00, 0x00, 0x19, 0x00, 0x00, 0x00, 0x43, 0x61, 0x70,
    0x44, 0x41, 0x47, 0x2e, 0x45, 0x78, 0x65, 0x63, 0x2e, 0x57, 0x66, 0x41, 0x73, 0x6b, 0x2e, 0x75,
    0x6e, 0x6b, 0x6e, 0x6f, 0x77, 0x6e, 0x00, 0x00, 0x00, 0x00, 0x00, 0x00, 0x00, 0x00, 0x00, 0x00,
    0x00, 0x00, 0x00, 0x00, 0x00, 0x00, 0x00, 0x00, 0x00, 0x00, 0x18, 0x00, 0x00, 0x00, 0x43, 0x61,
    0x70, 0x44, 0x41, 0x47, 0x2e, 0x45, 0x78, 0x65, 0x63, 0x2e, 0x57, 0x66, 0x41, 0x73, 0x6b, 0x2e,
    0x77, 0x69, 0x74, 0x68, 0x69, 0x6e, 0x01, 0x00, 0x00, 0x00, 0x01, 0x00, 0x00, 0x00, 0x00, 0x00,
    0x00, 0x00, 0x00, 0x00, 0x00, 0x00, 0x01, 0x00, 0x00, 0x00, 0x01, 0x00, 0x00, 0x00, 0x75, 0x00,
    0x00, 0x00, 0x00, 0x00, 0x1b, 0x15, 0x00, 0x00, 0x00, 0x00, 0x00, 0x00, 0x00, 0x18, 0x00, 0x00,
    0x00, 0x43, 0x61, 0x70, 0x44, 0x41, 0x47, 0x2e, 0x45, 0x78, 0x65, 0x63, 0x2e, 0x57, 0x66, 0x41,
    0x73, 0x6b, 0x2e, 0x63, 0x6f, 0x76, 0x65, 0x72, 0x73, 0x02, 0x00, 0x00, 0x00, 0x01, 0x00, 0x00,
    0x00, 0x00, 0x00, 0x00, 0x00, 0x00, 0x00, 0x00, 0x00, 0x01, 0x00, 0x00, 0x00, 0x01, 0x00, 0x00,
    0x00, 0x75, 0x00, 0x00, 0x00, 0x00, 0x00, 0x1b, 0x15, 0x00, 0x00, 0x00, 0x00, 0x00, 0x00, 0x00,
    0x16, 0x00, 0x00, 0x00, 0x43, 0x61, 0x70, 0x44, 0x41, 0x47, 0x2e, 0x45, 0x78, 0x65, 0x63, 0x2e,
    0x57, 0x66, 0x41, 0x73, 0x6b, 0x2e, 0x73, 0x61, 0x6d, 0x65, 0x03, 0x00, 0x00, 0x00, 0x01, 0x00,
    0x00, 0x00, 0x00, 0x00, 0x00, 0x00, 0x00, 0x00, 0x00, 0x00, 0x01, 0x00, 0x00, 0x00, 0x01, 0x00,
    0x00, 0x00, 0x75, 0x00, 0x00, 0x00, 0x00, 0x00, 0x1b, 0x15, 0x00, 0x00, 0x00, 0x00, 0x00, 0x00,
    0x00,
};
static lungo_lazy_bits capdagFormal__types_cell;
static uint64_t capdagFormal__types_load(void) {
    return (uint64_t)(uintptr_t)lungo_types_load(capdagFormal__type_table, 6737);
}
const lungo_types *capdagFormal__types(void) {
    return (const lungo_types *)(uintptr_t)lungo_lazy_bits_get(&capdagFormal__types_cell, capdagFormal__types_load);
}

static uint64_t capdagFormal__host_callbacks[1];
/* Registers the host's implementation of host extern `index`, before the program is initialized. */
void capdagFormal__set_host_extern(size_t index, uint64_t callback) {
    if (index >= 0 || callback == 0) lungo_panic_unreachable();
    capdagFormal__host_callbacks[index] = callback;
}
void capdagFormal__check_host_externs(void) {
}

static const uint8_t capdagFormal__t_0[] = {
    0x1b, 0x00, 0x00, 0x00, 0x00, 0x00, 0x00, 0x00, 0x00,
};
static const uint8_t capdagFormal__t_1[] = {
    0x00,
};
static const uint8_t capdagFormal__t_2[] = {
    0x1b, 0x01, 0x00, 0x00, 0x00, 0x00, 0x00, 0x00, 0x00,
};
static const uint8_t capdagFormal__t_3[] = {
    0x1b, 0x00, 0x00, 0x00, 0x00, 0x00, 0x00, 0x00, 0x00,
};
static const uint8_t capdagFormal__t_4[] = {
    0x10,
};
static const uint8_t capdagFormal__t_5[] = {
    0x1b, 0x00, 0x00, 0x00, 0x00, 0x00, 0x00, 0x00, 0x00,
};
static const uint8_t capdagFormal__t_6[] = {
    0x1b, 0x00, 0x00, 0x00, 0x00, 0x00, 0x00, 0x00, 0x00,
};
static const uint8_t capdagFormal__t_7[] = {
    0x00,
};
static const uint8_t capdagFormal__t_8[] = {
    0x1b, 0x00, 0x00, 0x00, 0x00, 0x00, 0x00, 0x00, 0x00,
};
static const uint8_t capdagFormal__t_9[] = {
    0x00,
};
static const uint8_t capdagFormal__t_10[] = {
    0x1b, 0x00, 0x00, 0x00, 0x00, 0x00, 0x00, 0x00, 0x00,
};
static const uint8_t capdagFormal__t_11[] = {
    0x1b, 0x02, 0x00, 0x00, 0x00, 0x00, 0x00, 0x00, 0x00,
};
static const uint8_t capdagFormal__t_12[] = {
    0x1b, 0x03, 0x00, 0x00, 0x00, 0x00, 0x00, 0x00, 0x00,
};
static const uint8_t capdagFormal__t_13[] = {
    0x1b, 0x02, 0x00, 0x00, 0x00, 0x00, 0x00, 0x00, 0x00,
};
static const uint8_t capdagFormal__t_14[] = {
    0x1b, 0x04, 0x00, 0x00, 0x00, 0x00, 0x00, 0x00, 0x00,
};
static const uint8_t capdagFormal__t_15[] = {
    0x1b, 0x02, 0x00, 0x00, 0x00, 0x00, 0x00, 0x00, 0x00,
};
static const uint8_t capdagFormal__t_16[] = {
    0x1b, 0x04, 0x00, 0x00, 0x00, 0x00, 0x00, 0x00, 0x00,
};
static const uint8_t capdagFormal__t_17[] = {
    0x1b, 0x02, 0x00, 0x00, 0x00, 0x00, 0x00, 0x00, 0x00,
};
static const uint8_t capdagFormal__t_18[] = {
    0x1b, 0x04, 0x00, 0x00, 0x00, 0x00, 0x00, 0x00, 0x00,
};
static const uint8_t capdagFormal__t_19[] = {
    0x00,
};
static const uint8_t capdagFormal__t_20[] = {
    0x1b, 0x02, 0x00, 0x00, 0x00, 0x00, 0x00, 0x00, 0x00,
};
static const uint8_t capdagFormal__t_21[] = {
    0x15, 0x14, 0x10,
};
static const uint8_t capdagFormal__t_22[] = {
    0x14, 0x10,
};
static const uint8_t capdagFormal__t_23[] = {
    0x14, 0x14, 0x10,
};
static const uint8_t capdagFormal__t_24[] = {
    0x00,
};
static const uint8_t capdagFormal__t_25[] = {
    0x00,
};
static const uint8_t capdagFormal__t_26[] = {
    0x14, 0x00,
};
static const uint8_t capdagFormal__t_27[] = {
    0x1b, 0x05, 0x00, 0x00, 0x00, 0x00, 0x00, 0x00, 0x00,
};
static const uint8_t capdagFormal__t_28[] = {
    0x00,
};
static const uint8_t capdagFormal__t_29[] = {
    0x1b, 0x05, 0x00, 0x00, 0x00, 0x00, 0x00, 0x00, 0x00,
};
static const uint8_t capdagFormal__t_30[] = {
    0x02,
};
static const uint8_t capdagFormal__t_31[] = {
    0x1b, 0x05, 0x00, 0x00, 0x00, 0x00, 0x00, 0x00, 0x00,
};
static const uint8_t capdagFormal__t_32[] = {
    0x02,
};
static const uint8_t capdagFormal__t_33[] = {
    0x00,
};
static const uint8_t capdagFormal__t_34[] = {
    0x14, 0x1b, 0x05, 0x00, 0x00, 0x00, 0x00, 0x00, 0x00, 0x00,
};
static const uint8_t capdagFormal__t_35[] = {
    0x1b, 0x06, 0x00, 0x00, 0x00, 0x00, 0x00, 0x00, 0x00,
};
static const uint8_t capdagFormal__t_36[] = {
    0x00,
};
static const uint8_t capdagFormal__t_37[] = {
    0x00,
};
static const uint8_t capdagFormal__t_38[] = {
    0x1b, 0x07, 0x00, 0x00, 0x00, 0x00, 0x00, 0x00, 0x00,
};
static const uint8_t capdagFormal__t_39[] = {
    0x1b, 0x06, 0x00, 0x00, 0x00, 0x00, 0x00, 0x00, 0x00,
};
static const uint8_t capdagFormal__t_40[] = {
    0x1b, 0x08, 0x00, 0x00, 0x00, 0x00, 0x00, 0x00, 0x00,
};
static const uint8_t capdagFormal__t_41[] = {
    0x00,
};
static const uint8_t capdagFormal__t_42[] = {
    0x14, 0x1b, 0x08, 0x00, 0x00, 0x00, 0x00, 0x00, 0x00, 0x00,
};
static const uint8_t capdagFormal__t_43[] = {
    0x1b, 0x08, 0x00, 0x00, 0x00, 0x00, 0x00, 0x00, 0x00,
};
static const uint8_t capdagFormal__t_44[] = {
    0x14, 0x17, 0x1b, 0x09, 0x00, 0x00, 0x00, 0x00, 0x00, 0x00, 0x00, 0x1b, 0x08, 0x00, 0x00, 0x00,
    0x00, 0x00, 0x00, 0x00,
};
static const uint8_t capdagFormal__t_45[] = {
    0x1b, 0x08, 0x00, 0x00, 0x00, 0x00, 0x00, 0x00, 0x00,
};
static const uint8_t capdagFormal__t_46[] = {
    0x15, 0x10,
};
static const uint8_t capdagFormal__t_47[] = {
    0x1b, 0x0a, 0x00, 0x00, 0x00, 0x00, 0x00, 0x00, 0x00,
};
static const uint8_t capdagFormal__t_48[] = {
    0x1b, 0x08, 0x00, 0x00, 0x00, 0x00, 0x00, 0x00, 0x00,
};
static const uint8_t capdagFormal__t_49[] = {
    0x1b, 0x08, 0x00, 0x00, 0x00, 0x00, 0x00, 0x00, 0x00,
};
static const uint8_t capdagFormal__t_50[] = {
    0x15, 0x10,
};
static const uint8_t capdagFormal__t_51[] = {
    0x02,
};
static const uint8_t capdagFormal__t_52[] = {
    0x1b, 0x08, 0x00, 0x00, 0x00, 0x00, 0x00, 0x00, 0x00,
};
static const uint8_t capdagFormal__t_53[] = {
    0x10,
};
static const uint8_t capdagFormal__t_54[] = {
    0x00,
};
static const uint8_t capdagFormal__t_55[] = {
    0x1b, 0x08, 0x00, 0x00, 0x00, 0x00, 0x00, 0x00, 0x00,
};
static const uint8_t capdagFormal__t_56[] = {
    0x15, 0x10,
};
static const uint8_t capdagFormal__t_57[] = {
    0x1b, 0x0a, 0x00, 0x00, 0x00, 0x00, 0x00, 0x00, 0x00,
};
static const uint8_t capdagFormal__t_58[] = {
    0x1b, 0x08, 0x00, 0x00, 0x00, 0x00, 0x00, 0x00, 0x00,
};
static const uint8_t capdagFormal__t_59[] = {
    0x00,
};
static const uint8_t capdagFormal__t_60[] = {
    0x1b, 0x08, 0x00, 0x00, 0x00, 0x00, 0x00, 0x00, 0x00,
};
static const uint8_t capdagFormal__t_61[] = {
    0x1b, 0x08, 0x00, 0x00, 0x00, 0x00, 0x00, 0x00, 0x00,
};
static const uint8_t capdagFormal__t_62[] = {
    0x00,
};
static const uint8_t capdagFormal__t_63[] = {
    0x00,
};
static const uint8_t capdagFormal__t_64[] = {
    0x1b, 0x08, 0x00, 0x00, 0x00, 0x00, 0x00, 0x00, 0x00,
};
static const uint8_t capdagFormal__t_65[] = {
    0x15, 0x10,
};
static const uint8_t capdagFormal__t_66[] = {
    0x1b, 0x08, 0x00, 0x00, 0x00, 0x00, 0x00, 0x00, 0x00,
};
static const uint8_t capdagFormal__t_67[] = {
    0x1b, 0x08, 0x00, 0x00, 0x00, 0x00, 0x00, 0x00, 0x00,
};
static const uint8_t capdagFormal__t_68[] = {
    0x10,
};
static const uint8_t capdagFormal__t_69[] = {
    0x00,
};
static const uint8_t capdagFormal__t_70[] = {
    0x1b, 0x08, 0x00, 0x00, 0x00, 0x00, 0x00, 0x00, 0x00,
};
static const uint8_t capdagFormal__t_71[] = {
    0x02,
};
static const uint8_t capdagFormal__t_72[] = {
    0x10,
};
static const uint8_t capdagFormal__t_73[] = {
    0x00,
};
static const uint8_t capdagFormal__t_74[] = {
    0x14, 0x00,
};
static const uint8_t capdagFormal__t_75[] = {
    0x00,
};
static const uint8_t capdagFormal__t_76[] = {
    0x10,
};
static const uint8_t capdagFormal__t_77[] = {
    0x15, 0x17, 0x10, 0x15, 0x10,
};
static const uint8_t capdagFormal__t_78[] = {
    0x15, 0x10,
};
static const uint8_t capdagFormal__t_79[] = {
    0x00,
};
static const uint8_t capdagFormal__t_80[] = {
    0x14, 0x00,
};
static const uint8_t capdagFormal__t_81[] = {
    0x00,
};
static const uint8_t capdagFormal__t_82[] = {
    0x14, 0x00,
};
static const uint8_t capdagFormal__t_83[] = {
    0x00,
};
static const uint8_t capdagFormal__t_84[] = {
    0x1b, 0x0b, 0x00, 0x00, 0x00, 0x00, 0x00, 0x00, 0x00,
};
static const uint8_t capdagFormal__t_85[] = {
    0x1b, 0x0c, 0x00, 0x00, 0x00, 0x00, 0x00, 0x00, 0x00,
};
static const uint8_t capdagFormal__t_86[] = {
    0x1b, 0x05, 0x00, 0x00, 0x00, 0x00, 0x00, 0x00, 0x00,
};
static const uint8_t capdagFormal__t_87[] = {
    0x1b, 0x0c, 0x00, 0x00, 0x00, 0x00, 0x00, 0x00, 0x00,
};
static const uint8_t capdagFormal__t_88[] = {
    0x15, 0x1b, 0x0d, 0x00, 0x00, 0x00, 0x00, 0x00, 0x00, 0x00,
};
static const uint8_t capdagFormal__t_89[] = {
    0x14, 0x1b, 0x0e, 0x00, 0x00, 0x00, 0x00, 0x00, 0x00, 0x00,
};
static const uint8_t capdagFormal__t_90[] = {
    0x02,
};
static const uint8_t capdagFormal__t_91[] = {
    0x02,
};
static const uint8_t capdagFormal__t_92[] = {
    0x1b, 0x0f, 0x00, 0x00, 0x00, 0x00, 0x00, 0x00, 0x00,
};
static const uint8_t capdagFormal__t_93[] = {
    0x01,
};
static const uint8_t capdagFormal__t_94[] = {
    0x1b, 0x05, 0x00, 0x00, 0x00, 0x00, 0x00, 0x00, 0x00,
};
static const uint8_t capdagFormal__t_95[] = {
    0x00,
};
static const uint8_t capdagFormal__t_96[] = {
    0x01,
};
static const uint8_t capdagFormal__t_97[] = {
    0x1b, 0x05, 0x00, 0x00, 0x00, 0x00, 0x00, 0x00, 0x00,
};
static const uint8_t capdagFormal__t_98[] = {
    0x14, 0x1b, 0x10, 0x00, 0x00, 0x00, 0x00, 0x00, 0x00, 0x00,
};
static const uint8_t capdagFormal__t_99[] = {
    0x02,
};
static const uint8_t capdagFormal__t_100[] = {
    0x1b, 0x05, 0x00, 0x00, 0x00, 0x00, 0x00, 0x00, 0x00,
};
static const uint8_t capdagFormal__t_101[] = {
    0x1b, 0x11, 0x00, 0x00, 0x00, 0x00, 0x00, 0x00, 0x00,
};
static const uint8_t capdagFormal__t_102[] = {
    0x1b, 0x12, 0x00, 0x00, 0x00, 0x00, 0x00, 0x00, 0x00,
};
static const uint8_t capdagFormal__t_103[] = {
    0x1b, 0x12, 0x00, 0x00, 0x00, 0x00, 0x00, 0x00, 0x00,
};
static const uint8_t capdagFormal__t_104[] = {
    0x02,
};
static const uint8_t capdagFormal__t_105[] = {
    0x1b, 0x12, 0x00, 0x00, 0x00, 0x00, 0x00, 0x00, 0x00,
};
static const uint8_t capdagFormal__t_106[] = {
    0x1b, 0x12, 0x00, 0x00, 0x00, 0x00, 0x00, 0x00, 0x00,
};
static const uint8_t capdagFormal__t_107[] = {
    0x02,
};
static const uint8_t capdagFormal__t_108[] = {
    0x1b, 0x12, 0x00, 0x00, 0x00, 0x00, 0x00, 0x00, 0x00,
};
static const uint8_t capdagFormal__t_109[] = {
    0x1b, 0x12, 0x00, 0x00, 0x00, 0x00, 0x00, 0x00, 0x00,
};
static const uint8_t capdagFormal__t_110[] = {
    0x02,
};
static const uint8_t capdagFormal__t_111[] = {
    0x1b, 0x13, 0x00, 0x00, 0x00, 0x00, 0x00, 0x00, 0x00,
};
static const uint8_t capdagFormal__t_112[] = {
    0x1b, 0x13, 0x00, 0x00, 0x00, 0x00, 0x00, 0x00, 0x00,
};
static const uint8_t capdagFormal__t_113[] = {
    0x02,
};
static const uint8_t capdagFormal__t_114[] = {
    0x1b, 0x12, 0x00, 0x00, 0x00, 0x00, 0x00, 0x00, 0x00,
};
static const uint8_t capdagFormal__t_115[] = {
    0x1b, 0x12, 0x00, 0x00, 0x00, 0x00, 0x00, 0x00, 0x00,
};
static const uint8_t capdagFormal__t_116[] = {
    0x02,
};
static const uint8_t capdagFormal__t_117[] = {
    0x1b, 0x12, 0x00, 0x00, 0x00, 0x00, 0x00, 0x00, 0x00,
};
static const uint8_t capdagFormal__t_118[] = {
    0x1b, 0x12, 0x00, 0x00, 0x00, 0x00, 0x00, 0x00, 0x00,
};
static const uint8_t capdagFormal__t_119[] = {
    0x02,
};
static const uint8_t capdagFormal__t_120[] = {
    0x1b, 0x12, 0x00, 0x00, 0x00, 0x00, 0x00, 0x00, 0x00,
};
static const uint8_t capdagFormal__t_121[] = {
    0x1b, 0x12, 0x00, 0x00, 0x00, 0x00, 0x00, 0x00, 0x00,
};
static const uint8_t capdagFormal__t_122[] = {
    0x02,
};
static const uint8_t capdagFormal__t_123[] = {
    0x1b, 0x12, 0x00, 0x00, 0x00, 0x00, 0x00, 0x00, 0x00,
};
static const uint8_t capdagFormal__t_124[] = {
    0x1b, 0x12, 0x00, 0x00, 0x00, 0x00, 0x00, 0x00, 0x00,
};
static const uint8_t capdagFormal__t_125[] = {
    0x02,
};
static const uint8_t capdagFormal__t_126[] = {
    0x1b, 0x14, 0x00, 0x00, 0x00, 0x00, 0x00, 0x00, 0x00,
};
static const uint8_t capdagFormal__t_127[] = {
    0x1b, 0x12, 0x00, 0x00, 0x00, 0x00, 0x00, 0x00, 0x00,
};
static const uint8_t capdagFormal__t_128[] = {
    0x02,
};
static const uint8_t capdagFormal__t_129[] = {
    0x1b, 0x15, 0x00, 0x00, 0x00, 0x00, 0x00, 0x00, 0x00,
};
static const uint8_t capdagFormal__t_130[] = {
    0x1b, 0x15, 0x00, 0x00, 0x00, 0x00, 0x00, 0x00, 0x00,
};
static const uint8_t capdagFormal__t_131[] = {
    0x1b, 0x15, 0x00, 0x00, 0x00, 0x00, 0x00, 0x00, 0x00,
};
static const uint8_t capdagFormal__t_132[] = {
    0x1b, 0x14, 0x00, 0x00, 0x00, 0x00, 0x00, 0x00, 0x00,
};
static const uint8_t capdagFormal__t_133[] = {
    0x1b, 0x15, 0x00, 0x00, 0x00, 0x00, 0x00, 0x00, 0x00,
};
static const uint8_t capdagFormal__t_134[] = {
    0x1b, 0x15, 0x00, 0x00, 0x00, 0x00, 0x00, 0x00, 0x00,
};
static const uint8_t capdagFormal__t_135[] = {
    0x1b, 0x14, 0x00, 0x00, 0x00, 0x00, 0x00, 0x00, 0x00,
};
static const uint8_t capdagFormal__t_136[] = {
    0x1b, 0x14, 0x00, 0x00, 0x00, 0x00, 0x00, 0x00, 0x00,
};
static const uint8_t capdagFormal__t_137[] = {
    0x1b, 0x12, 0x00, 0x00, 0x00, 0x00, 0x00, 0x00, 0x00,
};
static const uint8_t capdagFormal__t_138[] = {
    0x1b, 0x16, 0x00, 0x00, 0x00, 0x00, 0x00, 0x00, 0x00,
};
static const uint8_t capdagFormal__t_139[] = {
    0x1b, 0x14, 0x00, 0x00, 0x00, 0x00, 0x00, 0x00, 0x00,
};
static const uint8_t capdagFormal__t_140[] = {
    0x1b, 0x12, 0x00, 0x00, 0x00, 0x00, 0x00, 0x00, 0x00,
};
static const uint8_t capdagFormal__t_141[] = {
    0x02,
};
static const uint8_t capdagFormal__t_142[] = {
    0x1b, 0x12, 0x00, 0x00, 0x00, 0x00, 0x00, 0x00, 0x00,
};
static const uint8_t capdagFormal__t_143[] = {
    0x1b, 0x14, 0x00, 0x00, 0x00, 0x00, 0x00, 0x00, 0x00,
};
static const uint8_t capdagFormal__t_144[] = {
    0x1b, 0x12, 0x00, 0x00, 0x00, 0x00, 0x00, 0x00, 0x00,
};
static const uint8_t capdagFormal__t_145[] = {
    0x1b, 0x14, 0x00, 0x00, 0x00, 0x00, 0x00, 0x00, 0x00,
};
static const uint8_t capdagFormal__t_146[] = {
    0x1b, 0x15, 0x00, 0x00, 0x00, 0x00, 0x00, 0x00, 0x00,
};
static const uint8_t capdagFormal__t_147[] = {
    0x1b, 0x15, 0x00, 0x00, 0x00, 0x00, 0x00, 0x00, 0x00,
};
static const uint8_t capdagFormal__t_148[] = {
    0x1b, 0x14, 0x00, 0x00, 0x00, 0x00, 0x00, 0x00, 0x00,
};
static const uint8_t capdagFormal__t_149[] = {
    0x1b, 0x12, 0x00, 0x00, 0x00, 0x00, 0x00, 0x00, 0x00,
};
static const uint8_t capdagFormal__t_150[] = {
    0x1b, 0x12, 0x00, 0x00, 0x00, 0x00, 0x00, 0x00, 0x00,
};
static const uint8_t capdagFormal__t_151[] = {
    0x17, 0x00, 0x00,
};
static const uint8_t capdagFormal__t_152[] = {
    0x15, 0x1b, 0x12, 0x00, 0x00, 0x00, 0x00, 0x00, 0x00, 0x00,
};
static const uint8_t capdagFormal__t_153[] = {
    0x1b, 0x12, 0x00, 0x00, 0x00, 0x00, 0x00, 0x00, 0x00,
};
static const uint8_t capdagFormal__t_154[] = {
    0x14, 0x1b, 0x12, 0x00, 0x00, 0x00, 0x00, 0x00, 0x00, 0x00,
};
static const uint8_t capdagFormal__t_155[] = {
    0x1b, 0x12, 0x00, 0x00, 0x00, 0x00, 0x00, 0x00, 0x00,
};
static const uint8_t capdagFormal__t_156[] = {
    0x00,
};
static const uint8_t capdagFormal__t_157[] = {
    0x10,
};
static const uint8_t capdagFormal__t_158[] = {
    0x15, 0x17, 0x10, 0x1b, 0x17, 0x00, 0x00, 0x00, 0x00, 0x00, 0x00, 0x00,
};
static const uint8_t capdagFormal__t_159[] = {
    0x14, 0x1b, 0x15, 0x00, 0x00, 0x00, 0x00, 0x00, 0x00, 0x00,
};

/* CapDAG.Bifaci.Credit.Gate.acquire : CapDAG.Bifaci.Credit.Gate → Nat → CapDAG.Bifaci.Credit.Acquire */
int32_t capdagFormal__call_l_CapDAG_dBifaci_dCredit_dGate_dacquire(const uint8_t *input, size_t len, lungo_buffer *out) {
    capdagFormal__initialize();
    lungo_call *call = lungo_call_begin(capdagFormal__types(), input, len);
    lungo_obj a_0 = lungo_call_read(call, capdagFormal__t_0, 9);
    lungo_obj a_1 = lungo_call_read(call, capdagFormal__t_1, 1);
    if (!lungo_call_complete(call)) {
        lungo_dec(a_0);
        lungo_dec(a_1);
        return lungo_call_end(call, out);
    }
    lungo_obj r = capdagFormal__l_CapDAG_dBifaci_dCredit_dGate_dacquire(a_0, a_1);
    lungo_dec(a_1);
    lungo_call_write(call, r, capdagFormal__t_2, 9);
    return lungo_call_end(call, out);
}

/* CapDAG.Bifaci.Credit.Gate.close : CapDAG.Bifaci.Credit.Gate → String → CapDAG.Bifaci.Credit.Gate */
int32_t capdagFormal__call_l_CapDAG_dBifaci_dCredit_dGate_dclose(const uint8_t *input, size_t len, lungo_buffer *out) {
    capdagFormal__initialize();
    lungo_call *call = lungo_call_begin(capdagFormal__types(), input, len);
    lungo_obj a_0 = lungo_call_read(call, capdagFormal__t_3, 9);
    lungo_obj a_1 = lungo_call_read(call, capdagFormal__t_4, 1);
    if (!lungo_call_complete(call)) {
        lungo_dec(a_0);
        lungo_dec(a_1);
        return lungo_call_end(call, out);
    }
    lungo_obj r = capdagFormal__l_CapDAG_dBifaci_dCredit_dGate_dclose(a_0, a_1);
    lungo_call_write(call, r, capdagFormal__t_5, 9);
    return lungo_call_end(call, out);
}

/* CapDAG.Bifaci.Credit.Gate.grant : CapDAG.Bifaci.Credit.Gate → Nat → CapDAG.Bifaci.Credit.Gate */
int32_t capdagFormal__call_l_CapDAG_dBifaci_dCredit_dGate_dgrant(const uint8_t *input, size_t len, lungo_buffer *out) {
    capdagFormal__initialize();
    lungo_call *call = lungo_call_begin(capdagFormal__types(), input, len);
    lungo_obj a_0 = lungo_call_read(call, capdagFormal__t_6, 9);
    lungo_obj a_1 = lungo_call_read(call, capdagFormal__t_7, 1);
    if (!lungo_call_complete(call)) {
        lungo_dec(a_0);
        lungo_dec(a_1);
        return lungo_call_end(call, out);
    }
    lungo_obj r = capdagFormal__l_CapDAG_dBifaci_dCredit_dGate_dgrant(a_0, a_1);
    lungo_dec(a_1);
    lungo_call_write(call, r, capdagFormal__t_8, 9);
    return lungo_call_end(call, out);
}

/* CapDAG.Bifaci.Credit.Gate.opened : Nat → CapDAG.Bifaci.Credit.Gate */
int32_t capdagFormal__call_l_CapDAG_dBifaci_dCredit_dGate_dopened(const uint8_t *input, size_t len, lungo_buffer *out) {
    capdagFormal__initialize();
    lungo_call *call = lungo_call_begin(capdagFormal__types(), input, len);
    lungo_obj a_0 = lungo_call_read(call, capdagFormal__t_9, 1);
    if (!lungo_call_complete(call)) {
        lungo_dec(a_0);
        return lungo_call_end(call, out);
    }
    lungo_obj r = capdagFormal__l_CapDAG_dBifaci_dCredit_dGate_dopened(a_0);
    lungo_call_write(call, r, capdagFormal__t_10, 9);
    return lungo_call_end(call, out);
}

/* CapDAG.Bifaci.Credit.Window.arrive : CapDAG.Bifaci.Credit.Window → CapDAG.Bifaci.Credit.Arrival */
int32_t capdagFormal__call_l_CapDAG_dBifaci_dCredit_dWindow_darrive(const uint8_t *input, size_t len, lungo_buffer *out) {
    capdagFormal__initialize();
    lungo_call *call = lungo_call_begin(capdagFormal__types(), input, len);
    lungo_obj a_0 = lungo_call_read(call, capdagFormal__t_11, 9);
    if (!lungo_call_complete(call)) {
        lungo_dec(a_0);
        return lungo_call_end(call, out);
    }
    lungo_obj r = capdagFormal__l_CapDAG_dBifaci_dCredit_dWindow_darrive(a_0);
    lungo_call_write(call, r, capdagFormal__t_12, 9);
    return lungo_call_end(call, out);
}

/* CapDAG.Bifaci.Credit.Window.consume : CapDAG.Bifaci.Credit.Window → CapDAG.Bifaci.Credit.Granted */
int32_t capdagFormal__call_l_CapDAG_dBifaci_dCredit_dWindow_dconsume(const uint8_t *input, size_t len, lungo_buffer *out) {
    capdagFormal__initialize();
    lungo_call *call = lungo_call_begin(capdagFormal__types(), input, len);
    lungo_obj a_0 = lungo_call_read(call, capdagFormal__t_13, 9);
    if (!lungo_call_complete(call)) {
        lungo_dec(a_0);
        return lungo_call_end(call, out);
    }
    lungo_obj r = capdagFormal__l_CapDAG_dBifaci_dCredit_dWindow_dconsume(a_0);
    lungo_call_write(call, r, capdagFormal__t_14, 9);
    return lungo_call_end(call, out);
}

/* CapDAG.Bifaci.Credit.Window.continued : CapDAG.Bifaci.Credit.Window → CapDAG.Bifaci.Credit.Granted */
int32_t capdagFormal__call_l_CapDAG_dBifaci_dCredit_dWindow_dcontinued(const uint8_t *input, size_t len, lungo_buffer *out) {
    capdagFormal__initialize();
    lungo_call *call = lungo_call_begin(capdagFormal__types(), input, len);
    lungo_obj a_0 = lungo_call_read(call, capdagFormal__t_15, 9);
    if (!lungo_call_complete(call)) {
        lungo_dec(a_0);
        return lungo_call_end(call, out);
    }
    lungo_obj r = capdagFormal__l_CapDAG_dBifaci_dCredit_dWindow_dcontinued(a_0);
    lungo_call_write(call, r, capdagFormal__t_16, 9);
    return lungo_call_end(call, out);
}

/* CapDAG.Bifaci.Credit.Window.flush : CapDAG.Bifaci.Credit.Window → CapDAG.Bifaci.Credit.Granted */
int32_t capdagFormal__call_l_CapDAG_dBifaci_dCredit_dWindow_dflush(const uint8_t *input, size_t len, lungo_buffer *out) {
    capdagFormal__initialize();
    lungo_call *call = lungo_call_begin(capdagFormal__types(), input, len);
    lungo_obj a_0 = lungo_call_read(call, capdagFormal__t_17, 9);
    if (!lungo_call_complete(call)) {
        lungo_dec(a_0);
        return lungo_call_end(call, out);
    }
    lungo_obj r = capdagFormal__l_CapDAG_dBifaci_dCredit_dWindow_dflush(a_0);
    lungo_call_write(call, r, capdagFormal__t_18, 9);
    return lungo_call_end(call, out);
}

/* CapDAG.Bifaci.Credit.Window.opened : Nat → CapDAG.Bifaci.Credit.Window */
int32_t capdagFormal__call_l_CapDAG_dBifaci_dCredit_dWindow_dopened(const uint8_t *input, size_t len, lungo_buffer *out) {
    capdagFormal__initialize();
    lungo_call *call = lungo_call_begin(capdagFormal__types(), input, len);
    lungo_obj a_0 = lungo_call_read(call, capdagFormal__t_19, 1);
    if (!lungo_call_complete(call)) {
        lungo_dec(a_0);
        return lungo_call_end(call, out);
    }
    lungo_obj r = capdagFormal__l_CapDAG_dBifaci_dCredit_dWindow_dopened(a_0);
    lungo_call_write(call, r, capdagFormal__t_20, 9);
    return lungo_call_end(call, out);
}

/* CapDAG.Bifaci.Credit.grantTarget : List (Option String) → Option String → Option (Option String) */
int32_t capdagFormal__call_l_CapDAG_dBifaci_dCredit_dgrantTarget(const uint8_t *input, size_t len, lungo_buffer *out) {
    capdagFormal__initialize();
    lungo_call *call = lungo_call_begin(capdagFormal__types(), input, len);
    lungo_obj a_0 = lungo_call_read(call, capdagFormal__t_21, 3);
    lungo_obj a_1 = lungo_call_read(call, capdagFormal__t_22, 2);
    if (!lungo_call_complete(call)) {
        lungo_dec(a_0);
        lungo_dec(a_1);
        return lungo_call_end(call, out);
    }
    lungo_obj r = capdagFormal__l_CapDAG_dBifaci_dCredit_dgrantTarget(a_0, a_1);
    lungo_dec(a_0);
    lungo_call_write(call, r, capdagFormal__t_23, 3);
    return lungo_call_end(call, out);
}

/* CapDAG.Bifaci.Credit.negotiate : Nat → Nat → Option Nat */
int32_t capdagFormal__call_l_CapDAG_dBifaci_dCredit_dnegotiate(const uint8_t *input, size_t len, lungo_buffer *out) {
    capdagFormal__initialize();
    lungo_call *call = lungo_call_begin(capdagFormal__types(), input, len);
    lungo_obj a_0 = lungo_call_read(call, capdagFormal__t_24, 1);
    lungo_obj a_1 = lungo_call_read(call, capdagFormal__t_25, 1);
    if (!lungo_call_complete(call)) {
        lungo_dec(a_0);
        lungo_dec(a_1);
        return lungo_call_end(call, out);
    }
    lungo_obj r = capdagFormal__l_CapDAG_dBifaci_dCredit_dnegotiate(a_0, a_1);
    lungo_call_write(call, r, capdagFormal__t_26, 2);
    return lungo_call_end(call, out);
}

/* CapDAG.Bifaci.Flow.FrameType.code : CapDAG.Bifaci.Flow.FrameType → Nat */
int32_t capdagFormal__call_l_CapDAG_dBifaci_dFlow_dFrameType_dcode(const uint8_t *input, size_t len, lungo_buffer *out) {
    capdagFormal__initialize();
    lungo_call *call = lungo_call_begin(capdagFormal__types(), input, len);
    lungo_obj a_0 = lungo_call_read(call, capdagFormal__t_27, 9);
    if (!lungo_call_complete(call)) {
        lungo_dec(a_0);
        return lungo_call_end(call, out);
    }
    uint8_t p_0 = (uint8_t)lungo_unbox(a_0);
    lungo_dec(a_0);
    lungo_obj r = capdagFormal__l_CapDAG_dBifaci_dFlow_dFrameType_dcode(p_0);
    lungo_call_write(call, r, capdagFormal__t_28, 1);
    return lungo_call_end(call, out);
}

/* CapDAG.Bifaci.Flow.FrameType.isFlow : CapDAG.Bifaci.Flow.FrameType → Bool */
int32_t capdagFormal__call_l_CapDAG_dBifaci_dFlow_dFrameType_disFlow(const uint8_t *input, size_t len, lungo_buffer *out) {
    capdagFormal__initialize();
    lungo_call *call = lungo_call_begin(capdagFormal__types(), input, len);
    lungo_obj a_0 = lungo_call_read(call, capdagFormal__t_29, 9);
    if (!lungo_call_complete(call)) {
        lungo_dec(a_0);
        return lungo_call_end(call, out);
    }
    uint8_t p_0 = (uint8_t)lungo_unbox(a_0);
    lungo_dec(a_0);
    uint8_t r = capdagFormal__l_CapDAG_dBifaci_dFlow_dFrameType_disFlow(p_0);
    lungo_call_write(call, lungo_box((size_t)r), capdagFormal__t_30, 1);
    return lungo_call_end(call, out);
}

/* CapDAG.Bifaci.Flow.FrameType.isTerminal : CapDAG.Bifaci.Flow.FrameType → Bool */
int32_t capdagFormal__call_l_CapDAG_dBifaci_dFlow_dFrameType_disTerminal(const uint8_t *input, size_t len, lungo_buffer *out) {
    capdagFormal__initialize();
    lungo_call *call = lungo_call_begin(capdagFormal__types(), input, len);
    lungo_obj a_0 = lungo_call_read(call, capdagFormal__t_31, 9);
    if (!lungo_call_complete(call)) {
        lungo_dec(a_0);
        return lungo_call_end(call, out);
    }
    uint8_t p_0 = (uint8_t)lungo_unbox(a_0);
    lungo_dec(a_0);
    uint8_t r = capdagFormal__l_CapDAG_dBifaci_dFlow_dFrameType_disTerminal(p_0);
    lungo_call_write(call, lungo_box((size_t)r), capdagFormal__t_32, 1);
    return lungo_call_end(call, out);
}

/* CapDAG.Bifaci.Flow.FrameType.ofCode : Nat → Option CapDAG.Bifaci.Flow.FrameType */
int32_t capdagFormal__call_l_CapDAG_dBifaci_dFlow_dFrameType_dofCode(const uint8_t *input, size_t len, lungo_buffer *out) {
    capdagFormal__initialize();
    lungo_call *call = lungo_call_begin(capdagFormal__types(), input, len);
    lungo_obj a_0 = lungo_call_read(call, capdagFormal__t_33, 1);
    if (!lungo_call_complete(call)) {
        lungo_dec(a_0);
        return lungo_call_end(call, out);
    }
    lungo_obj r = capdagFormal__l_CapDAG_dBifaci_dFlow_dFrameType_dofCode(a_0);
    lungo_dec(a_0);
    lungo_call_write(call, r, capdagFormal__t_34, 10);
    return lungo_call_end(call, out);
}

/* CapDAG.Bifaci.Flow.Reorder.accept : CapDAG.Bifaci.Flow.Reorder → Nat → Nat → CapDAG.Bifaci.Flow.Accepted */
int32_t capdagFormal__call_l_CapDAG_dBifaci_dFlow_dReorder_daccept(const uint8_t *input, size_t len, lungo_buffer *out) {
    capdagFormal__initialize();
    lungo_call *call = lungo_call_begin(capdagFormal__types(), input, len);
    lungo_obj a_0 = lungo_call_read(call, capdagFormal__t_35, 9);
    lungo_obj a_1 = lungo_call_read(call, capdagFormal__t_36, 1);
    lungo_obj a_2 = lungo_call_read(call, capdagFormal__t_37, 1);
    if (!lungo_call_complete(call)) {
        lungo_dec(a_0);
        lungo_dec(a_1);
        lungo_dec(a_2);
        return lungo_call_end(call, out);
    }
    lungo_obj r = capdagFormal__l_CapDAG_dBifaci_dFlow_dReorder_daccept(a_0, a_1, a_2);
    lungo_dec(a_2);
    lungo_call_write(call, r, capdagFormal__t_38, 9);
    return lungo_call_end(call, out);
}

/* CapDAG.Bifaci.Flow.Reorder.start : CapDAG.Bifaci.Flow.Reorder */
int32_t capdagFormal__call_l_CapDAG_dBifaci_dFlow_dReorder_dstart(const uint8_t *input, size_t len, lungo_buffer *out) {
    capdagFormal__initialize();
    lungo_call *call = lungo_call_begin(capdagFormal__types(), input, len);
    if (!lungo_call_complete(call)) {
        return lungo_call_end(call, out);
    }
    lungo_obj r = capdagFormal__l_CapDAG_dBifaci_dFlow_dReorder_dstart();
    lungo_call_write(call, r, capdagFormal__t_39, 9);
    return lungo_call_end(call, out);
}

/* CapDAG.Bifaci.Pools.State.admit : CapDAG.Bifaci.Pools.State → Nat → Option CapDAG.Bifaci.Pools.State */
int32_t capdagFormal__call_l_CapDAG_dBifaci_dPools_dState_dadmit(const uint8_t *input, size_t len, lungo_buffer *out) {
    capdagFormal__initialize();
    lungo_call *call = lungo_call_begin(capdagFormal__types(), input, len);
    lungo_obj a_0 = lungo_call_read(call, capdagFormal__t_40, 9);
    lungo_obj a_1 = lungo_call_read(call, capdagFormal__t_41, 1);
    if (!lungo_call_complete(call)) {
        lungo_dec(a_0);
        lungo_dec(a_1);
        return lungo_call_end(call, out);
    }
    lungo_obj r = capdagFormal__l_CapDAG_dBifaci_dPools_dState_dadmit(a_0, a_1);
    lungo_dec(a_1);
    lungo_call_write(call, r, capdagFormal__t_42, 10);
    return lungo_call_end(call, out);
}

/* CapDAG.Bifaci.Pools.State.admitNext : CapDAG.Bifaci.Pools.State → Option (CapDAG.Bifaci.Pools.Waiter × CapDAG.Bifaci.Pools.State) */
int32_t capdagFormal__call_l_CapDAG_dBifaci_dPools_dState_dadmitNext(const uint8_t *input, size_t len, lungo_buffer *out) {
    capdagFormal__initialize();
    lungo_call *call = lungo_call_begin(capdagFormal__types(), input, len);
    lungo_obj a_0 = lungo_call_read(call, capdagFormal__t_43, 9);
    if (!lungo_call_complete(call)) {
        lungo_dec(a_0);
        return lungo_call_end(call, out);
    }
    lungo_obj r = capdagFormal__l_CapDAG_dBifaci_dPools_dState_dadmitNext(a_0);
    lungo_call_write(call, r, capdagFormal__t_44, 20);
    return lungo_call_end(call, out);
}

/* CapDAG.Bifaci.Pools.State.arrive : CapDAG.Bifaci.Pools.State → List String → CapDAG.Bifaci.Pools.Arrival */
int32_t capdagFormal__call_l_CapDAG_dBifaci_dPools_dState_darrive(const uint8_t *input, size_t len, lungo_buffer *out) {
    capdagFormal__initialize();
    lungo_call *call = lungo_call_begin(capdagFormal__types(), input, len);
    lungo_obj a_0 = lungo_call_read(call, capdagFormal__t_45, 9);
    lungo_obj a_1 = lungo_call_read(call, capdagFormal__t_46, 2);
    if (!lungo_call_complete(call)) {
        lungo_dec(a_0);
        lungo_dec(a_1);
        return lungo_call_end(call, out);
    }
    lungo_obj r = capdagFormal__l_CapDAG_dBifaci_dPools_dState_darrive(a_0, a_1);
    lungo_call_write(call, r, capdagFormal__t_47, 9);
    return lungo_call_end(call, out);
}

/* CapDAG.Bifaci.Pools.State.empty : CapDAG.Bifaci.Pools.State */
int32_t capdagFormal__call_l_CapDAG_dBifaci_dPools_dState_dempty(const uint8_t *input, size_t len, lungo_buffer *out) {
    capdagFormal__initialize();
    lungo_call *call = lungo_call_begin(capdagFormal__types(), input, len);
    if (!lungo_call_complete(call)) {
        return lungo_call_end(call, out);
    }
    lungo_obj r = capdagFormal__l_CapDAG_dBifaci_dPools_dState_dempty();
    lungo_call_write(call, r, capdagFormal__t_48, 9);
    return lungo_call_end(call, out);
}

/* CapDAG.Bifaci.Pools.State.hasRoom : CapDAG.Bifaci.Pools.State → List String → Bool */
int32_t capdagFormal__call_l_CapDAG_dBifaci_dPools_dState_dhasRoom(const uint8_t *input, size_t len, lungo_buffer *out) {
    capdagFormal__initialize();
    lungo_call *call = lungo_call_begin(capdagFormal__types(), input, len);
    lungo_obj a_0 = lungo_call_read(call, capdagFormal__t_49, 9);
    lungo_obj a_1 = lungo_call_read(call, capdagFormal__t_50, 2);
    if (!lungo_call_complete(call)) {
        lungo_dec(a_0);
        lungo_dec(a_1);
        return lungo_call_end(call, out);
    }
    uint8_t r = capdagFormal__l_CapDAG_dBifaci_dPools_dState_dhasRoom(a_0, a_1);
    lungo_dec(a_0);
    lungo_dec(a_1);
    lungo_call_write(call, lungo_box((size_t)r), capdagFormal__t_51, 1);
    return lungo_call_end(call, out);
}

/* CapDAG.Bifaci.Pools.State.heldBack : CapDAG.Bifaci.Pools.State → String → Nat */
int32_t capdagFormal__call_l_CapDAG_dBifaci_dPools_dState_dheldBack(const uint8_t *input, size_t len, lungo_buffer *out) {
    capdagFormal__initialize();
    lungo_call *call = lungo_call_begin(capdagFormal__types(), input, len);
    lungo_obj a_0 = lungo_call_read(call, capdagFormal__t_52, 9);
    lungo_obj a_1 = lungo_call_read(call, capdagFormal__t_53, 1);
    if (!lungo_call_complete(call)) {
        lungo_dec(a_0);
        lungo_dec(a_1);
        return lungo_call_end(call, out);
    }
    lungo_obj r = capdagFormal__l_CapDAG_dBifaci_dPools_dState_dheldBack(a_0, a_1);
    lungo_call_write(call, r, capdagFormal__t_54, 1);
    return lungo_call_end(call, out);
}

/* CapDAG.Bifaci.Pools.State.join : CapDAG.Bifaci.Pools.State → List String → CapDAG.Bifaci.Pools.Arrival */
int32_t capdagFormal__call_l_CapDAG_dBifaci_dPools_dState_djoin(const uint8_t *input, size_t len, lungo_buffer *out) {
    capdagFormal__initialize();
    lungo_call *call = lungo_call_begin(capdagFormal__types(), input, len);
    lungo_obj a_0 = lungo_call_read(call, capdagFormal__t_55, 9);
    lungo_obj a_1 = lungo_call_read(call, capdagFormal__t_56, 2);
    if (!lungo_call_complete(call)) {
        lungo_dec(a_0);
        lungo_dec(a_1);
        return lungo_call_end(call, out);
    }
    lungo_obj r = capdagFormal__l_CapDAG_dBifaci_dPools_dState_djoin(a_0, a_1);
    lungo_call_write(call, r, capdagFormal__t_57, 9);
    return lungo_call_end(call, out);
}

/* CapDAG.Bifaci.Pools.State.leave : CapDAG.Bifaci.Pools.State → Nat → CapDAG.Bifaci.Pools.State */
int32_t capdagFormal__call_l_CapDAG_dBifaci_dPools_dState_dleave(const uint8_t *input, size_t len, lungo_buffer *out) {
    capdagFormal__initialize();
    lungo_call *call = lungo_call_begin(capdagFormal__types(), input, len);
    lungo_obj a_0 = lungo_call_read(call, capdagFormal__t_58, 9);
    lungo_obj a_1 = lungo_call_read(call, capdagFormal__t_59, 1);
    if (!lungo_call_complete(call)) {
        lungo_dec(a_0);
        lungo_dec(a_1);
        return lungo_call_end(call, out);
    }
    lungo_obj r = capdagFormal__l_CapDAG_dBifaci_dPools_dState_dleave(a_0, a_1);
    lungo_dec(a_1);
    lungo_call_write(call, r, capdagFormal__t_60, 9);
    return lungo_call_end(call, out);
}

/* CapDAG.Bifaci.Pools.State.position : CapDAG.Bifaci.Pools.State → Nat → Nat */
int32_t capdagFormal__call_l_CapDAG_dBifaci_dPools_dState_dposition(const uint8_t *input, size_t len, lungo_buffer *out) {
    capdagFormal__initialize();
    lungo_call *call = lungo_call_begin(capdagFormal__types(), input, len);
    lungo_obj a_0 = lungo_call_read(call, capdagFormal__t_61, 9);
    lungo_obj a_1 = lungo_call_read(call, capdagFormal__t_62, 1);
    if (!lungo_call_complete(call)) {
        lungo_dec(a_0);
        lungo_dec(a_1);
        return lungo_call_end(call, out);
    }
    lungo_obj r = capdagFormal__l_CapDAG_dBifaci_dPools_dState_dposition(a_0, a_1);
    lungo_dec(a_1);
    lungo_call_write(call, r, capdagFormal__t_63, 1);
    return lungo_call_end(call, out);
}

/* CapDAG.Bifaci.Pools.State.release : CapDAG.Bifaci.Pools.State → List String → CapDAG.Bifaci.Pools.State */
int32_t capdagFormal__call_l_CapDAG_dBifaci_dPools_dState_drelease(const uint8_t *input, size_t len, lungo_buffer *out) {
    capdagFormal__initialize();
    lungo_call *call = lungo_call_begin(capdagFormal__types(), input, len);
    lungo_obj a_0 = lungo_call_read(call, capdagFormal__t_64, 9);
    lungo_obj a_1 = lungo_call_read(call, capdagFormal__t_65, 2);
    if (!lungo_call_complete(call)) {
        lungo_dec(a_0);
        lungo_dec(a_1);
        return lungo_call_end(call, out);
    }
    lungo_obj r = capdagFormal__l_CapDAG_dBifaci_dPools_dState_drelease(a_0, a_1);
    lungo_dec(a_1);
    lungo_call_write(call, r, capdagFormal__t_66, 9);
    return lungo_call_end(call, out);
}

/* CapDAG.Bifaci.Pools.State.setCapacity : CapDAG.Bifaci.Pools.State → String → Nat → CapDAG.Bifaci.Pools.State */
int32_t capdagFormal__call_l_CapDAG_dBifaci_dPools_dState_dsetCapacity(const uint8_t *input, size_t len, lungo_buffer *out) {
    capdagFormal__initialize();
    lungo_call *call = lungo_call_begin(capdagFormal__types(), input, len);
    lungo_obj a_0 = lungo_call_read(call, capdagFormal__t_67, 9);
    lungo_obj a_1 = lungo_call_read(call, capdagFormal__t_68, 1);
    lungo_obj a_2 = lungo_call_read(call, capdagFormal__t_69, 1);
    if (!lungo_call_complete(call)) {
        lungo_dec(a_0);
        lungo_dec(a_1);
        lungo_dec(a_2);
        return lungo_call_end(call, out);
    }
    lungo_obj r = capdagFormal__l_CapDAG_dBifaci_dPools_dState_dsetCapacity(a_0, a_1, a_2);
    lungo_call_write(call, r, capdagFormal__t_70, 9);
    return lungo_call_end(call, out);
}

/* CapDAG.Bifaci.Pools.advertised : Bool → String → Nat → Option Nat → Nat */
int32_t capdagFormal__call_l_CapDAG_dBifaci_dPools_dadvertised(const uint8_t *input, size_t len, lungo_buffer *out) {
    capdagFormal__initialize();
    lungo_call *call = lungo_call_begin(capdagFormal__types(), input, len);
    lungo_obj a_0 = lungo_call_read(call, capdagFormal__t_71, 1);
    lungo_obj a_1 = lungo_call_read(call, capdagFormal__t_72, 1);
    lungo_obj a_2 = lungo_call_read(call, capdagFormal__t_73, 1);
    lungo_obj a_3 = lungo_call_read(call, capdagFormal__t_74, 2);
    if (!lungo_call_complete(call)) {
        lungo_dec(a_0);
        lungo_dec(a_1);
        lungo_dec(a_2);
        lungo_dec(a_3);
        return lungo_call_end(call, out);
    }
    uint8_t p_0 = (uint8_t)lungo_unbox(a_0);
    lungo_dec(a_0);
    lungo_obj r = capdagFormal__l_CapDAG_dBifaci_dPools_dadvertised(p_0, a_1, a_2, a_3);
    lungo_dec(a_1);
    lungo_dec(a_2);
    lungo_dec(a_3);
    lungo_call_write(call, r, capdagFormal__t_75, 1);
    return lungo_call_end(call, out);
}

/* CapDAG.Bifaci.Pools.chain : String → List (String × List String) → List String */
int32_t capdagFormal__call_l_CapDAG_dBifaci_dPools_dchain(const uint8_t *input, size_t len, lungo_buffer *out) {
    capdagFormal__initialize();
    lungo_call *call = lungo_call_begin(capdagFormal__types(), input, len);
    lungo_obj a_0 = lungo_call_read(call, capdagFormal__t_76, 1);
    lungo_obj a_1 = lungo_call_read(call, capdagFormal__t_77, 5);
    if (!lungo_call_complete(call)) {
        lungo_dec(a_0);
        lungo_dec(a_1);
        return lungo_call_end(call, out);
    }
    lungo_obj r = capdagFormal__l_CapDAG_dBifaci_dPools_dchain(a_0, a_1);
    lungo_call_write(call, r, capdagFormal__t_78, 2);
    return lungo_call_end(call, out);
}

/* CapDAG.Bifaci.Pools.effective : Nat → Option Nat → Nat */
int32_t capdagFormal__call_l_CapDAG_dBifaci_dPools_deffective(const uint8_t *input, size_t len, lungo_buffer *out) {
    capdagFormal__initialize();
    lungo_call *call = lungo_call_begin(capdagFormal__types(), input, len);
    lungo_obj a_0 = lungo_call_read(call, capdagFormal__t_79, 1);
    lungo_obj a_1 = lungo_call_read(call, capdagFormal__t_80, 2);
    if (!lungo_call_complete(call)) {
        lungo_dec(a_0);
        lungo_dec(a_1);
        return lungo_call_end(call, out);
    }
    lungo_obj r = capdagFormal__l_CapDAG_dBifaci_dPools_deffective(a_0, a_1);
    lungo_dec(a_0);
    lungo_dec(a_1);
    lungo_call_write(call, r, capdagFormal__t_81, 1);
    return lungo_call_end(call, out);
}

/* CapDAG.Bifaci.Pools.patience : Option Nat → Nat → CapDAG.Bifaci.Pools.Patience */
int32_t capdagFormal__call_l_CapDAG_dBifaci_dPools_dpatience(const uint8_t *input, size_t len, lungo_buffer *out) {
    capdagFormal__initialize();
    lungo_call *call = lungo_call_begin(capdagFormal__types(), input, len);
    lungo_obj a_0 = lungo_call_read(call, capdagFormal__t_82, 2);
    lungo_obj a_1 = lungo_call_read(call, capdagFormal__t_83, 1);
    if (!lungo_call_complete(call)) {
        lungo_dec(a_0);
        lungo_dec(a_1);
        return lungo_call_end(call, out);
    }
    lungo_obj r = capdagFormal__l_CapDAG_dBifaci_dPools_dpatience(a_0, a_1);
    lungo_dec(a_1);
    lungo_call_write(call, r, capdagFormal__t_84, 9);
    return lungo_call_end(call, out);
}

/* CapDAG.Bifaci.Request.Phase.after : CapDAG.Bifaci.Request.Phase → CapDAG.Bifaci.Flow.FrameType → CapDAG.Bifaci.Request.Phase */
int32_t capdagFormal__call_l_CapDAG_dBifaci_dRequest_dPhase_dafter(const uint8_t *input, size_t len, lungo_buffer *out) {
    capdagFormal__initialize();
    lungo_call *call = lungo_call_begin(capdagFormal__types(), input, len);
    lungo_obj a_0 = lungo_call_read(call, capdagFormal__t_85, 9);
    lungo_obj a_1 = lungo_call_read(call, capdagFormal__t_86, 9);
    if (!lungo_call_complete(call)) {
        lungo_dec(a_0);
        lungo_dec(a_1);
        return lungo_call_end(call, out);
    }
    uint8_t p_0 = (uint8_t)lungo_unbox(a_0);
    lungo_dec(a_0);
    uint8_t p_1 = (uint8_t)lungo_unbox(a_1);
    lungo_dec(a_1);
    uint8_t r = capdagFormal__l_CapDAG_dBifaci_dRequest_dPhase_dafter(p_0, p_1);
    lungo_call_write(call, lungo_box((size_t)r), capdagFormal__t_87, 9);
    return lungo_call_end(call, out);
}

/* CapDAG.Bifaci.Request.check : List CapDAG.Bifaci.Request.Emitted → Option CapDAG.Bifaci.Request.Violation */
int32_t capdagFormal__call_l_CapDAG_dBifaci_dRequest_dcheck(const uint8_t *input, size_t len, lungo_buffer *out) {
    capdagFormal__initialize();
    lungo_call *call = lungo_call_begin(capdagFormal__types(), input, len);
    lungo_obj a_0 = lungo_call_read(call, capdagFormal__t_88, 10);
    if (!lungo_call_complete(call)) {
        lungo_dec(a_0);
        return lungo_call_end(call, out);
    }
    lungo_obj r = capdagFormal__l_CapDAG_dBifaci_dRequest_dcheck(a_0);
    lungo_call_write(call, r, capdagFormal__t_89, 10);
    return lungo_call_end(call, out);
}

/* CapDAG.Bifaci.Request.dispose : Bool → Bool → CapDAG.Bifaci.Request.Disposition */
int32_t capdagFormal__call_l_CapDAG_dBifaci_dRequest_ddispose(const uint8_t *input, size_t len, lungo_buffer *out) {
    capdagFormal__initialize();
    lungo_call *call = lungo_call_begin(capdagFormal__types(), input, len);
    lungo_obj a_0 = lungo_call_read(call, capdagFormal__t_90, 1);
    lungo_obj a_1 = lungo_call_read(call, capdagFormal__t_91, 1);
    if (!lungo_call_complete(call)) {
        lungo_dec(a_0);
        lungo_dec(a_1);
        return lungo_call_end(call, out);
    }
    uint8_t p_0 = (uint8_t)lungo_unbox(a_0);
    lungo_dec(a_0);
    uint8_t p_1 = (uint8_t)lungo_unbox(a_1);
    lungo_dec(a_1);
    uint8_t r = capdagFormal__l_CapDAG_dBifaci_dRequest_ddispose(p_0, p_1);
    lungo_call_write(call, lungo_box((size_t)r), capdagFormal__t_92, 9);
    return lungo_call_end(call, out);
}

/* CapDAG.Bifaci.Request.ledger : Int → CapDAG.Bifaci.Flow.FrameType → Nat → Int */
int32_t capdagFormal__call_l_CapDAG_dBifaci_dRequest_dledger(const uint8_t *input, size_t len, lungo_buffer *out) {
    capdagFormal__initialize();
    lungo_call *call = lungo_call_begin(capdagFormal__types(), input, len);
    lungo_obj a_0 = lungo_call_read(call, capdagFormal__t_93, 1);
    lungo_obj a_1 = lungo_call_read(call, capdagFormal__t_94, 9);
    lungo_obj a_2 = lungo_call_read(call, capdagFormal__t_95, 1);
    if (!lungo_call_complete(call)) {
        lungo_dec(a_0);
        lungo_dec(a_1);
        lungo_dec(a_2);
        return lungo_call_end(call, out);
    }
    uint8_t p_1 = (uint8_t)lungo_unbox(a_1);
    lungo_dec(a_1);
    lungo_obj r = capdagFormal__l_CapDAG_dBifaci_dRequest_dledger(a_0, p_1, a_2);
    lungo_dec(a_0);
    lungo_call_write(call, r, capdagFormal__t_96, 1);
    return lungo_call_end(call, out);
}

/* CapDAG.Bifaci.Request.terminalOf : CapDAG.Bifaci.Flow.FrameType → Option CapDAG.Bifaci.Request.Terminal */
int32_t capdagFormal__call_l_CapDAG_dBifaci_dRequest_dterminalOf(const uint8_t *input, size_t len, lungo_buffer *out) {
    capdagFormal__initialize();
    lungo_call *call = lungo_call_begin(capdagFormal__types(), input, len);
    lungo_obj a_0 = lungo_call_read(call, capdagFormal__t_97, 9);
    if (!lungo_call_complete(call)) {
        lungo_dec(a_0);
        return lungo_call_end(call, out);
    }
    uint8_t p_0 = (uint8_t)lungo_unbox(a_0);
    lungo_dec(a_0);
    lungo_obj r = capdagFormal__l_CapDAG_dBifaci_dRequest_dterminalOf(p_0);
    lungo_call_write(call, r, capdagFormal__t_98, 10);
    return lungo_call_end(call, out);
}

/* CapDAG.Bifaci.Request.write : Bool → CapDAG.Bifaci.Flow.FrameType → CapDAG.Bifaci.Request.Write */
int32_t capdagFormal__call_l_CapDAG_dBifaci_dRequest_dwrite(const uint8_t *input, size_t len, lungo_buffer *out) {
    capdagFormal__initialize();
    lungo_call *call = lungo_call_begin(capdagFormal__types(), input, len);
    lungo_obj a_0 = lungo_call_read(call, capdagFormal__t_99, 1);
    lungo_obj a_1 = lungo_call_read(call, capdagFormal__t_100, 9);
    if (!lungo_call_complete(call)) {
        lungo_dec(a_0);
        lungo_dec(a_1);
        return lungo_call_end(call, out);
    }
    uint8_t p_0 = (uint8_t)lungo_unbox(a_0);
    lungo_dec(a_0);
    uint8_t p_1 = (uint8_t)lungo_unbox(a_1);
    lungo_dec(a_1);
    lungo_obj r = capdagFormal__l_CapDAG_dBifaci_dRequest_dwrite(p_0, p_1);
    lungo_call_write(call, r, capdagFormal__t_101, 9);
    return lungo_call_end(call, out);
}

/* CapDAG.Exec.accepts : CapDAG.Exec.WfCap → CapDAG.Exec.WfCap → Bool */
int32_t capdagFormal__call_l_CapDAG_dExec_daccepts(const uint8_t *input, size_t len, lungo_buffer *out) {
    capdagFormal__initialize();
    lungo_call *call = lungo_call_begin(capdagFormal__types(), input, len);
    lungo_obj a_0 = lungo_call_read(call, capdagFormal__t_102, 9);
    lungo_obj a_1 = lungo_call_read(call, capdagFormal__t_103, 9);
    if (!lungo_call_complete(call)) {
        lungo_dec(a_0);
        lungo_dec(a_1);
        return lungo_call_end(call, out);
    }
    uint8_t r = capdagFormal__l_CapDAG_dExec_daccepts(a_0, a_1);
    lungo_call_write(call, lungo_box((size_t)r), capdagFormal__t_104, 1);
    return lungo_call_end(call, out);
}

/* CapDAG.Exec.comparable : CapDAG.Exec.WfCap → CapDAG.Exec.WfCap → Bool */
int32_t capdagFormal__call_l_CapDAG_dExec_dcomparable(const uint8_t *input, size_t len, lungo_buffer *out) {
    capdagFormal__initialize();
    lungo_call *call = lungo_call_begin(capdagFormal__types(), input, len);
    lungo_obj a_0 = lungo_call_read(call, capdagFormal__t_105, 9);
    lungo_obj a_1 = lungo_call_read(call, capdagFormal__t_106, 9);
    if (!lungo_call_complete(call)) {
        lungo_dec(a_0);
        lungo_dec(a_1);
        return lungo_call_end(call, out);
    }
    uint8_t r = capdagFormal__l_CapDAG_dExec_dcomparable(a_0, a_1);
    lungo_dec(a_0);
    lungo_dec(a_1);
    lungo_call_write(call, lungo_box((size_t)r), capdagFormal__t_107, 1);
    return lungo_call_end(call, out);
}

/* CapDAG.Exec.dispatch : CapDAG.Exec.WfCap → CapDAG.Exec.WfCap → Bool */
int32_t capdagFormal__call_l_CapDAG_dExec_ddispatch(const uint8_t *input, size_t len, lungo_buffer *out) {
    capdagFormal__initialize();
    lungo_call *call = lungo_call_begin(capdagFormal__types(), input, len);
    lungo_obj a_0 = lungo_call_read(call, capdagFormal__t_108, 9);
    lungo_obj a_1 = lungo_call_read(call, capdagFormal__t_109, 9);
    if (!lungo_call_complete(call)) {
        lungo_dec(a_0);
        lungo_dec(a_1);
        return lungo_call_end(call, out);
    }
    uint8_t r = capdagFormal__l_CapDAG_dExec_ddispatch(a_0, a_1);
    lungo_call_write(call, lungo_box((size_t)r), capdagFormal__t_110, 1);
    return lungo_call_end(call, out);
}

/* CapDAG.Exec.effectOk : CapDAG.Effect → CapDAG.Effect → Bool */
int32_t capdagFormal__call_l_CapDAG_dExec_deffectOk(const uint8_t *input, size_t len, lungo_buffer *out) {
    capdagFormal__initialize();
    lungo_call *call = lungo_call_begin(capdagFormal__types(), input, len);
    lungo_obj a_0 = lungo_call_read(call, capdagFormal__t_111, 9);
    lungo_obj a_1 = lungo_call_read(call, capdagFormal__t_112, 9);
    if (!lungo_call_complete(call)) {
        lungo_dec(a_0);
        lungo_dec(a_1);
        return lungo_call_end(call, out);
    }
    uint8_t p_0 = (uint8_t)lungo_unbox(a_0);
    lungo_dec(a_0);
    uint8_t p_1 = (uint8_t)lungo_unbox(a_1);
    lungo_dec(a_1);
    uint8_t r = capdagFormal__l_CapDAG_dExec_deffectOk(p_0, p_1);
    lungo_call_write(call, lungo_box((size_t)r), capdagFormal__t_113, 1);
    return lungo_call_end(call, out);
}

/* CapDAG.Exec.equivalent : CapDAG.Exec.WfCap → CapDAG.Exec.WfCap → Bool */
int32_t capdagFormal__call_l_CapDAG_dExec_dequivalent(const uint8_t *input, size_t len, lungo_buffer *out) {
    capdagFormal__initialize();
    lungo_call *call = lungo_call_begin(capdagFormal__types(), input, len);
    lungo_obj a_0 = lungo_call_read(call, capdagFormal__t_114, 9);
    lungo_obj a_1 = lungo_call_read(call, capdagFormal__t_115, 9);
    if (!lungo_call_complete(call)) {
        lungo_dec(a_0);
        lungo_dec(a_1);
        return lungo_call_end(call, out);
    }
    uint8_t r = capdagFormal__l_CapDAG_dExec_dequivalent(a_0, a_1);
    lungo_dec(a_0);
    lungo_dec(a_1);
    lungo_call_write(call, lungo_box((size_t)r), capdagFormal__t_116, 1);
    return lungo_call_end(call, out);
}

/* CapDAG.Exec.flows : CapDAG.Exec.WfCap → CapDAG.Exec.WfCap → Bool */
int32_t capdagFormal__call_l_CapDAG_dExec_dflows(const uint8_t *input, size_t len, lungo_buffer *out) {
    capdagFormal__initialize();
    lungo_call *call = lungo_call_begin(capdagFormal__types(), input, len);
    lungo_obj a_0 = lungo_call_read(call, capdagFormal__t_117, 9);
    lungo_obj a_1 = lungo_call_read(call, capdagFormal__t_118, 9);
    if (!lungo_call_complete(call)) {
        lungo_dec(a_0);
        lungo_dec(a_1);
        return lungo_call_end(call, out);
    }
    uint8_t r = capdagFormal__l_CapDAG_dExec_dflows(a_0, a_1);
    lungo_dec(a_0);
    lungo_dec(a_1);
    lungo_call_write(call, lungo_box((size_t)r), capdagFormal__t_119, 1);
    return lungo_call_end(call, out);
}

/* CapDAG.Exec.mayDispatch : CapDAG.Exec.WfCap → CapDAG.Exec.WfCap → Bool */
int32_t capdagFormal__call_l_CapDAG_dExec_dmayDispatch(const uint8_t *input, size_t len, lungo_buffer *out) {
    capdagFormal__initialize();
    lungo_call *call = lungo_call_begin(capdagFormal__types(), input, len);
    lungo_obj a_0 = lungo_call_read(call, capdagFormal__t_120, 9);
    lungo_obj a_1 = lungo_call_read(call, capdagFormal__t_121, 9);
    if (!lungo_call_complete(call)) {
        lungo_dec(a_0);
        lungo_dec(a_1);
        return lungo_call_end(call, out);
    }
    uint8_t r = capdagFormal__l_CapDAG_dExec_dmayDispatch(a_0, a_1);
    lungo_call_write(call, lungo_box((size_t)r), capdagFormal__t_122, 1);
    return lungo_call_end(call, out);
}

/* CapDAG.Exec.mayFlow : CapDAG.Exec.WfCap → CapDAG.Exec.WfCap → Bool */
int32_t capdagFormal__call_l_CapDAG_dExec_dmayFlow(const uint8_t *input, size_t len, lungo_buffer *out) {
    capdagFormal__initialize();
    lungo_call *call = lungo_call_begin(capdagFormal__types(), input, len);
    lungo_obj a_0 = lungo_call_read(call, capdagFormal__t_123, 9);
    lungo_obj a_1 = lungo_call_read(call, capdagFormal__t_124, 9);
    if (!lungo_call_complete(call)) {
        lungo_dec(a_0);
        lungo_dec(a_1);
        return lungo_call_end(call, out);
    }
    uint8_t r = capdagFormal__l_CapDAG_dExec_dmayFlow(a_0, a_1);
    lungo_call_write(call, lungo_box((size_t)r), capdagFormal__t_125, 1);
    return lungo_call_end(call, out);
}

/* CapDAG.Exec.queryAdmits : CapDAG.Exec.WfQuery → CapDAG.Exec.WfCap → Bool */
int32_t capdagFormal__call_l_CapDAG_dExec_dqueryAdmits(const uint8_t *input, size_t len, lungo_buffer *out) {
    capdagFormal__initialize();
    lungo_call *call = lungo_call_begin(capdagFormal__types(), input, len);
    lungo_obj a_0 = lungo_call_read(call, capdagFormal__t_126, 9);
    lungo_obj a_1 = lungo_call_read(call, capdagFormal__t_127, 9);
    if (!lungo_call_complete(call)) {
        lungo_dec(a_0);
        lungo_dec(a_1);
        return lungo_call_end(call, out);
    }
    uint8_t r = capdagFormal__l_CapDAG_dExec_dqueryAdmits(a_0, a_1);
    lungo_call_write(call, lungo_box((size_t)r), capdagFormal__t_128, 1);
    return lungo_call_end(call, out);
}

/* CapDAG.Exec.queryBetween : TaggedUrn.Exec.Wf → TaggedUrn.Exec.Wf → TaggedUrn.Exec.Wf → CapDAG.Exec.WfQuery */
int32_t capdagFormal__call_l_CapDAG_dExec_dqueryBetween(const uint8_t *input, size_t len, lungo_buffer *out) {
    capdagFormal__initialize();
    lungo_call *call = lungo_call_begin(capdagFormal__types(), input, len);
    lungo_obj a_0 = lungo_call_read(call, capdagFormal__t_129, 9);
    lungo_obj a_1 = lungo_call_read(call, capdagFormal__t_130, 9);
    lungo_obj a_2 = lungo_call_read(call, capdagFormal__t_131, 9);
    if (!lungo_call_complete(call)) {
        lungo_dec(a_0);
        lungo_dec(a_1);
        lungo_dec(a_2);
        return lungo_call_end(call, out);
    }
    lungo_obj r = capdagFormal__l_CapDAG_dExec_dqueryBetween(a_0, a_1, a_2);
    lungo_call_write(call, r, capdagFormal__t_132, 9);
    return lungo_call_end(call, out);
}

/* CapDAG.Exec.queryConsuming : TaggedUrn.Exec.Wf → TaggedUrn.Exec.Wf → CapDAG.Exec.WfQuery */
int32_t capdagFormal__call_l_CapDAG_dExec_dqueryConsuming(const uint8_t *input, size_t len, lungo_buffer *out) {
    capdagFormal__initialize();
    lungo_call *call = lungo_call_begin(capdagFormal__types(), input, len);
    lungo_obj a_0 = lungo_call_read(call, capdagFormal__t_133, 9);
    lungo_obj a_1 = lungo_call_read(call, capdagFormal__t_134, 9);
    if (!lungo_call_complete(call)) {
        lungo_dec(a_0);
        lungo_dec(a_1);
        return lungo_call_end(call, out);
    }
    lungo_obj r = capdagFormal__l_CapDAG_dExec_dqueryConsuming(a_0, a_1);
    lungo_call_write(call, r, capdagFormal__t_135, 9);
    return lungo_call_end(call, out);
}

/* CapDAG.Exec.queryGrade : CapDAG.Exec.WfQuery → CapDAG.Exec.WfCap → CapDAG.Grade */
int32_t capdagFormal__call_l_CapDAG_dExec_dqueryGrade(const uint8_t *input, size_t len, lungo_buffer *out) {
    capdagFormal__initialize();
    lungo_call *call = lungo_call_begin(capdagFormal__types(), input, len);
    lungo_obj a_0 = lungo_call_read(call, capdagFormal__t_136, 9);
    lungo_obj a_1 = lungo_call_read(call, capdagFormal__t_137, 9);
    if (!lungo_call_complete(call)) {
        lungo_dec(a_0);
        lungo_dec(a_1);
        return lungo_call_end(call, out);
    }
    uint8_t r = capdagFormal__l_CapDAG_dExec_dqueryGrade(a_0, a_1);
    lungo_call_write(call, lungo_box((size_t)r), capdagFormal__t_138, 9);
    return lungo_call_end(call, out);
}

/* CapDAG.Exec.queryMayAdmit : CapDAG.Exec.WfQuery → CapDAG.Exec.WfCap → Bool */
int32_t capdagFormal__call_l_CapDAG_dExec_dqueryMayAdmit(const uint8_t *input, size_t len, lungo_buffer *out) {
    capdagFormal__initialize();
    lungo_call *call = lungo_call_begin(capdagFormal__types(), input, len);
    lungo_obj a_0 = lungo_call_read(call, capdagFormal__t_139, 9);
    lungo_obj a_1 = lungo_call_read(call, capdagFormal__t_140, 9);
    if (!lungo_call_complete(call)) {
        lungo_dec(a_0);
        lungo_dec(a_1);
        return lungo_call_end(call, out);
    }
    uint8_t r = capdagFormal__l_CapDAG_dExec_dqueryMayAdmit(a_0, a_1);
    lungo_call_write(call, lungo_box((size_t)r), capdagFormal__t_141, 1);
    return lungo_call_end(call, out);
}

/* CapDAG.Exec.queryOfPattern : CapDAG.Exec.WfCap → CapDAG.Exec.WfQuery */
int32_t capdagFormal__call_l_CapDAG_dExec_dqueryOfPattern(const uint8_t *input, size_t len, lungo_buffer *out) {
    capdagFormal__initialize();
    lungo_call *call = lungo_call_begin(capdagFormal__types(), input, len);
    lungo_obj a_0 = lungo_call_read(call, capdagFormal__t_142, 9);
    if (!lungo_call_complete(call)) {
        lungo_dec(a_0);
        return lungo_call_end(call, out);
    }
    lungo_obj r = capdagFormal__l_CapDAG_dExec_dqueryOfPattern(a_0);
    lungo_call_write(call, r, capdagFormal__t_143, 9);
    return lungo_call_end(call, out);
}

/* CapDAG.Exec.queryOfRequest : CapDAG.Exec.WfCap → CapDAG.Exec.WfQuery */
int32_t capdagFormal__call_l_CapDAG_dExec_dqueryOfRequest(const uint8_t *input, size_t len, lungo_buffer *out) {
    capdagFormal__initialize();
    lungo_call *call = lungo_call_begin(capdagFormal__types(), input, len);
    lungo_obj a_0 = lungo_call_read(call, capdagFormal__t_144, 9);
    if (!lungo_call_complete(call)) {
        lungo_dec(a_0);
        return lungo_call_end(call, out);
    }
    lungo_obj r = capdagFormal__l_CapDAG_dExec_dqueryOfRequest(a_0);
    lungo_call_write(call, r, capdagFormal__t_145, 9);
    return lungo_call_end(call, out);
}

/* CapDAG.Exec.queryProducing : TaggedUrn.Exec.Wf → TaggedUrn.Exec.Wf → CapDAG.Exec.WfQuery */
int32_t capdagFormal__call_l_CapDAG_dExec_dqueryProducing(const uint8_t *input, size_t len, lungo_buffer *out) {
    capdagFormal__initialize();
    lungo_call *call = lungo_call_begin(capdagFormal__types(), input, len);
    lungo_obj a_0 = lungo_call_read(call, capdagFormal__t_146, 9);
    lungo_obj a_1 = lungo_call_read(call, capdagFormal__t_147, 9);
    if (!lungo_call_complete(call)) {
        lungo_dec(a_0);
        lungo_dec(a_1);
        return lungo_call_end(call, out);
    }
    lungo_obj r = capdagFormal__l_CapDAG_dExec_dqueryProducing(a_0, a_1);
    lungo_call_write(call, r, capdagFormal__t_148, 9);
    return lungo_call_end(call, out);
}

/* CapDAG.Exec.rankingKey : CapDAG.Exec.WfCap → CapDAG.Exec.WfCap → Nat × Nat */
int32_t capdagFormal__call_l_CapDAG_dExec_drankingKey(const uint8_t *input, size_t len, lungo_buffer *out) {
    capdagFormal__initialize();
    lungo_call *call = lungo_call_begin(capdagFormal__types(), input, len);
    lungo_obj a_0 = lungo_call_read(call, capdagFormal__t_149, 9);
    lungo_obj a_1 = lungo_call_read(call, capdagFormal__t_150, 9);
    if (!lungo_call_complete(call)) {
        lungo_dec(a_0);
        lungo_dec(a_1);
        return lungo_call_end(call, out);
    }
    lungo_obj r = capdagFormal__l_CapDAG_dExec_drankingKey(a_0, a_1);
    lungo_call_write(call, r, capdagFormal__t_151, 3);
    return lungo_call_end(call, out);
}

/* CapDAG.Exec.select : List CapDAG.Exec.WfCap → CapDAG.Exec.WfCap → Option CapDAG.Exec.WfCap */
int32_t capdagFormal__call_l_CapDAG_dExec_dselect(const uint8_t *input, size_t len, lungo_buffer *out) {
    capdagFormal__initialize();
    lungo_call *call = lungo_call_begin(capdagFormal__types(), input, len);
    lungo_obj a_0 = lungo_call_read(call, capdagFormal__t_152, 10);
    lungo_obj a_1 = lungo_call_read(call, capdagFormal__t_153, 9);
    if (!lungo_call_complete(call)) {
        lungo_dec(a_0);
        lungo_dec(a_1);
        return lungo_call_end(call, out);
    }
    lungo_obj r = capdagFormal__l_CapDAG_dExec_dselect(a_0, a_1);
    lungo_call_write(call, r, capdagFormal__t_154, 10);
    return lungo_call_end(call, out);
}

/* CapDAG.Exec.specificity : CapDAG.Exec.WfCap → Nat */
int32_t capdagFormal__call_l_CapDAG_dExec_dspecificity(const uint8_t *input, size_t len, lungo_buffer *out) {
    capdagFormal__initialize();
    lungo_call *call = lungo_call_begin(capdagFormal__types(), input, len);
    lungo_obj a_0 = lungo_call_read(call, capdagFormal__t_155, 9);
    if (!lungo_call_complete(call)) {
        lungo_dec(a_0);
        return lungo_call_end(call, out);
    }
    lungo_obj r = capdagFormal__l_CapDAG_dExec_dspecificity(a_0);
    lungo_call_write(call, r, capdagFormal__t_156, 1);
    return lungo_call_end(call, out);
}

/* TaggedUrn.Exec.make : String → List (String × TaggedUrn.Constraint) → Option TaggedUrn.Exec.Wf */
int32_t capdagFormal__call_l_TaggedUrn_dExec_dmake(const uint8_t *input, size_t len, lungo_buffer *out) {
    capdagFormal__initialize();
    lungo_call *call = lungo_call_begin(capdagFormal__types(), input, len);
    lungo_obj a_0 = lungo_call_read(call, capdagFormal__t_157, 1);
    lungo_obj a_1 = lungo_call_read(call, capdagFormal__t_158, 12);
    if (!lungo_call_complete(call)) {
        lungo_dec(a_0);
        lungo_dec(a_1);
        return lungo_call_end(call, out);
    }
    lungo_obj r = capdagFormal__l_TaggedUrn_dExec_dmake(a_0, a_1);
    lungo_call_write(call, r, capdagFormal__t_159, 10);
    return lungo_call_end(call, out);
}

